id,__typename,solanaAddress,twitterUserID,telegramUserID
w3C2ZmffB5PFgrrVi23cPj,Address,4B8KaMycbaWRN2thCXzGXds4hJNhvd8fZMNRb5TkVWHN,556002522,6918614831,winner
G6BF6G86cgqC7iRUvtRsiS,Address,EhVsUQqeMJcxHRd3rvRDs8eHzDvPzMZeHpW3dLFskwwK,883609502,6858662819,winner
dxbby65AybPNYaitLvjrGm,Address,MnNwNWKZjhgj8Bu9HCA5xxeQpaUc2m5XgpoULAk2JRZ,784034587223658496,7384822188,winner
gHnbGruXPKqHuLX4ngBdG,Address,DBhWpJiadxuQ7gW7sn7oyXoj8xKzmKL1Ys94vYgsiZW4,1048741267,6816524707,winner
vsT4UjQTTLyMQTtiecVAX4,Address,H5V5NXoBrvhMBoH1RLsHmCKNWgm8XebGCGc6cPPf6aGj,934832988164108289,7799145532,winner
2U8e2QNgYWFQp7Ke9nvL5a,Address,DnJMzQNckp8AR4qDYAjc2mwqmt6JFRFqvSQHTyzhcdPa,1297012345,6801891274,winner
LETGt7Q8yN8NCKbmrBKMnX,Address,DHvNrdtuwi5NKosEFU7nDubeckiiAbfwQeR2Y21vu4Gt,980980332,7934254877,winner
rzh2vsyJaFF3PE5fH3tLZV,Address,3SAK5AGCRz75zXEi7iyB9o3DKfSLH6on72XsLnbCkenW,1884731671,7353271476,winner
ngd3WCjWxPoaLjYGPm8TcY,Address,7kyXiphKG38EnGY1aSZmPkwPhvXVPB3wGFiMvoNTDXJM,2819457552,6824934367,winner
6N9ks6H7HGbnz559DCaKQc,Address,6h26Ys1fP6doDqoKTjtVdwUSCACtKiqSkBUEahVTsLu5,2831747714,7684354041,winner
Cm8q7TWG9GaUTtqJhBMMDc,Address,6AxoyhHbBK75QeLE6AS44DdpYq4VJWLFe2fsCEkeZrKB,2202393138,7132936898,
pvcFwvCQrhR2N9Q5mjqbkY,Address,EVwq4oMgKCuT3ZwMcsXASEyZripjypMmdwndyFEvUvRG,1062818683,7303673084,
EtrQbPbKzAspyu2CiRTwB8,Address,9nNm5D7GYozjWkCuCjeRkGSz3sbSiF1FwdtQMnAFxYpU,440245335,7091836192,
QJ5PxJNujTJDs4anhfbYmD,Address,Brncdrkm4ykXZJBwKfhZh7cJ442sHb6VcwawGy1JSUnN,330883836,7736195832,
MWdG93r9mPhS6rz2DcibXj,Address,zJu4HXHXi9Cpmco2t8fMJHDnoUxZ2ssC2kXdnWW5qK6,97178648,7330338542,
pqo8pWkQQyGFScH6Ap6UyN,Address,A7JbxXvF3tAYKpTw3kYei16Z9TTByyrmSzaF4ssEGRco,488885029,8101031468,
82vN2fKYMQppiSkiZsbP5f,Address,EpG7rd1pX6tzmtLNLWvbeTjEaZ34oUPmrgmS9qe3ZxGi,952150135,6789684573,
PPBZoVbwjQWSCdD3xn7nfA,Address,Ea4ywZ8PotDTBymXHufW1cJrajwbXAiTQVjsbz2ePzw9,1093318254,8134946986,
96dBaWBR3FMYbbsAoVCHJR,Address,8p4R3wWr1X6V9V4NQtLbdzd7wNvgEcUGpjiUSzvt1GAm,2437109434,7608283040,
rrkw9XmLUyH7oRXxk299jW,Address,8q9byX7MjtnP94RWGAFrpVn4xkkZ6AWCP7q1qWTVt1DF,2895441789,6240242743,
sGjeE4tsfhFJwo6TUr5zJe,Address,84LJTnmVDJjmc6yJnmsd3ixRFHmrikyLacsraTjFTESm,781550599351504896,7877778137,
JVWRzTftrGezo6VUP2sG79,Address,FCwUonPsnc7M2CEHApfP5oiQETD9V9ZYiRcGabm6asbJ,515831728,7289651160,
PzLXqqJoRUCzZi86pAQyHB,Address,AoZ4p4zLk9vU66qnu4iGzpEgv88Q7YJqVwx8s2QHs21H,499814699,7626311343,
M6vjxvwfcDY2kiW5mZSaYa,Address,H5RXtckwftG7snFxFP5x75tqNJBKKpjkaYNdqBF2YabE,1416097860,6364293098,
yvZe4C4LcDP6dEMZ3u3qUK,Address,8VUFRmJ1JrQ6cbr2LSf45k47pqSZutTNsqc5Lt6byPRm,225823346,7570717489,
uQfnmBQgceBAoafBGsBcR5,Address,7tFNcSBL9rVj8yxfRgyM2GeGBH1Cnb958L1XduXqoLDU,1884948996143386624,7094146684,
jS9JN7oCsaECv6WYogqH7M,Address,GbXUtnGTs5LKzEuDHqrqAaKzEdvhajawqEEXANLp3zPb,407157798,7573053297,
cJ6NsDkMNVbFhp3wpHaCmg,Address,ABCezYWXgeXDNRNAxNEKMa2mdGCcVxt2jDCGzpgD9xrn,1849248468122165248,7471428023,
pMERmypepCToqYNLCobVYJ,Address,58FXWbc1QhLRKwnpVANo6g5BcbJg9iVbmjU5WjSi1THM,1881550424,6635846660,
HqsnpEfdho9f5pzdEQ8EJH,Address,CWY7UwDL59QXUtqfhMciFZVmZrJvtxCZSbWodnnhtDvy,2458415025,7375180208,
SBs3hwb7MjvMPfE7jkT3Lj,Address,4FXiYHc2NSv81LHd9KvU85qMT9SS2WSMxN2cgmtVmiTJ,2800193695,7875459458,
9hc6EpXoDeYvtaJtWRS5Km,Address,9RR3ctUgqmTYfDhvAUbMJzigewjY2ZJQPSkgnBB64XeA,2194173233,7584976407,
t5EAUzdy8XtU8Cmyfh5y6R,Address,4HBtRw8KKRjiv26ESChaG2qmcNsBRvzRZ8Lmc5U8yYff,1715943810,8100722825,
9CkWtZ99Bhb4mT4UbQMsNM,Address,GWUKH9bsJVJp1mR72FjjqFjgWD1f3thoc5zbHNujHyCb,267610863,665182655,
2TNscHfvJBatHXAFkrCJFW,Address,4nwtYRpWP1WneHHAgy8ubpTDANuN24sd1xjTN3yiwsCF,1651780596258197504,8058971289,
BfEU5tzwfWPFm6wbtYk2mH,Address,HWUwiBZn7KUjq8cdqc1SzZkWDpUsj8nafnw9H2M5wkAS,3015164703,7807890483,
SvbWwWmMdzgnF8MuNea2sK,Address,DM1gfxWfvFdTvmBNLmKfVEpTqiXHpSoa2TJppDJn7Lvk,2547896828,7733123517,
P4wvoZCq7G2UJbdS8Uu6PW,Address,8uhDq61pXw46Z2g2A7kHnMAq3FNS6c2uEMNdCctVxMkf,912965850,6348467403,
wSDDPdihcjgcsJQgq5oUCT,Address,6cmfKbae5yBip7ktk7UeLkuaRAz3JfSGjtfLtdcJw96h,2596461969,6489798490,
pDcfWNS2hnvRkP2gDJXcnH,Address,NjVWfVshyXUbXSbTPagLBTTaiHgprkesYoqG1u7NzF3,1068916807,8148823732,
r36DvLoGKisme4AxhQbunB,Address,8XjVRU2Z4UDe6L59YwJBQVnAed8ESWNJGTuVNrgKNn3w,874938769,6728791026,
8uj7b4JpRPNKLy5nexFiL,Address,7wYhL3CeZrnkVsgrgrMccu2HVakTMB8ASumezWJi8Do8,299423107,7926758069,
XxYHjyq2zDrRPiwh6DFJg8,Address,J8CWe4uvAKbcPw7ynZ7hZBj3J68ZG3cn82eCehaBPDsb,87081737,7177134701,
hkcXcXUgXhBRjGmnkNCmGD,Address,BMwrztn5ouXQdSLZ1rVgsTcxfxVTVvHQuzddTd6mDetD,310474679,7807821572,
yyFjsV3krWKTDWp6dfjiff,Address,BKYdshnGyBv8GesXSfaaZDcaaXZ1dr61b45v34jTrAiy,315991141,7297745340,
mA2vZS5ViekawJXEACxBwH,Address,8TKsNpukzD4PpuJ8UEBNeY3QEsXX8LUMx7ZMEnP1Bb6g,2611188618,5994846799,
dmA5EbdrE2vcgkUcRCiJXV,Address,7cgpvkuHXqAHRFgWcRfqgjhS2iR45FbgEpNfHWsVAKD,518625302,7427074104,
GZCoDh7p8mhmsrEtSnynwB,Address,4otNAVYFEJhajrXdN2xG2EAst6eEGdaoZDw9M8GmeNQA,2208522555,6815890884,
aTVCpnPSxLqXfd7L22ue8k,Address,GqH3n73Bf651SB8NdYpRm2F1dq6fxi7g3sNzYf48ZdyB,590363463,6737139774,
h8MfwFXQaErRpNUYNyMjrn,Address,DkLX3zY3YnLBRMXV9A1o8mEtUDvJ89exrGdhRGNkf6ia,1232541294,7579702083,
KfEe3rep6nZx7qvzGYhajg,Address,HussDDWkhdjFrFnALK2pn1T9FKDqejZh6Ee2ViLJUcNj,806929908781944832,7328316729,
oj7VwSzyionyx53dYXBEv6,Address,HVa2ASq4axoNtRzMVJPfe6MP2k9NwH1Ct2RALqbYkTeh,270002219,7699940813,
nQSjPs9jDuP3jm4c66bQGU,Address,715XG3q44GZ6vvxxivZ1k9vw7qGtYxsCduQwhRrRusJo,352752473,6764531783,
GNiRyZdvy9EuTbHPgLr4T7,Address,Dzyx56ymkLndq3mFfn668X18DghKbVPjkAKPYAkmN15o,778785188474187776,6781583800,
AGzN5VAfxvpYT8ePMe4Ge4,Address,71nVmA21r9cgsh29ws6rPK1sA7FB1gfEcFsVsWNbLcgJ,2294054884,7087934945,
Dvfmuaj9LzYXfCai35CwYe,Address,B9mmMQo5ohPyXPV4Pwbt2c9K2qygkmPdrW4N2DTMKTxL,598307180,6627848644,
mqxDg48E8GqxgCYrWkrnTh,Address,Sb3ienD8KKgVmnQjuUvMArUhJ5H9HJ43okz4ooVHtR4,1381885944,8064310243,
n8NJBELTisDtVaVDdYbfXB,Address,53wxYFja1fVnfBpyBTQ5sx78VnU1CVobZwYGuhwwNT4e,469841753,6678121724,
8VVGj936Q7wd2vuonKUDE,Address,Bd432CHDDdp78RzoTXA7qT9zZnejKphCCDQAkcy8MWof,2444101927,7810875048,
QV36NzGdZXjFavkC8jYng8,Address,9SufEvmazQsR2qoi1kKJ47LWrjTngzgPtGeDNHhNBdrY,407176534,7055793078,
CtjEBWcKnxuNCnEH7Rokhk,Address,HtJwFSt2r2T82agUqZMzAz3yXAKDq7s9UgyJgmTs65RA,941096583713689600,6490238213,
c6AfKZsNL4tPrTMGhCxBwL,Address,C3H3rZb8tFoQ6S5f2UVsMoyfYjVuSAkrp8ytNX1in7gE,310599452,7780140438,
pLDq4RnmNqevupwuxJwohh,Address,AHi527eiKkQTaV3W38goosuEgx2UNHPenBtxBs7XR6Yq,72159595,7730309413,
MKf68r9hQcRvXaGSiqhBgc,Address,H3rXUyqn49LnG3tZQ9y1Vwh1CgLsacHqpoipsD2LPAZo,564095696,6979803474,
zTiWsSvLWFH27aZwLstqKJ,Address,FEEnQUhd9FuUzoP4wckkWCFDqdfz7oX2o4rftyYd6A2k,924894674,6556006965,
fybmj3trXtXDyEaeWJY4QR,Address,vPJRFkUX3LYdczMScLrjsednUcos8VX5fGfXkEKN4Rt,845744377,7135943324,
Tn4LZME4nuiYyCFhNaD6Gb,Address,DaHwUkLbEX5uTiBJGwYunMZoGUS9zguCkGq7ogoDvj7T,481786411,6416400544,
MTQTGLfXmdkRKnopPs5mmG,Address,GWf9JACBLRH1RuZuwfB73LLhNaHyNJrMiS5oJEcMhuPV,863067978,7506299475,
MAebpxnKu25wznFVGiQBZF,Address,FqCaCRuqaLfXZs5CHHKTtcxAk6q1qxYUdPaqQfQSqxzc,788077472,6503177108,
QP3SxtWjhwzFDQJmyj3ftP,Address,PdoG9uGscGM6XQ1U8sHFoDeDoccvhheEZyfinHGkoG3,1612326355,7491385519,
iY6wVMtsz2bksKr7ubJtXE,Address,CPtP5VXiHjFBbLcwh5RNULQ9ZbaREwmbhDthtQWQrdrn,2150718688,6681579698,
uQvNdm4zFiHfvvTKuPPWk6,Address,4gVeXF8xYLGpf5o3L1NhJs2fGUy8QeL8hUyh6ewmKDrv,1289224398,7669240083,
vCJzqNugCpCZVoWV4DFsL4,Address,B3etdjWUJKyKf8xiCChMJKReugiWjDox67AogDLLyFvF,2521012752,6062919798,
apXryqvgSHQJgq26hhSky7,Address,9paXnube89tcEMspHeY5LnJWkWU9fFwvTZ1cEwrcnqwU,194709947,7918265853,
FxX79Cou4MTuQhWzxT3VD3,Address,CSSPAMPW7i88BEWeWUCGgYspNcupkVQhfM3x8SyA9VvK,847663872,7728802332,
qvhvKHSHhoaDfNwWRXX82V,Address,HjdgJ5t57RqAAEb9UKcvk5HcMv3RNaw6hei9WeX2FmBD,863374244,8049086575,
YhqS3BsvybxgEhZGWd94Hh,Address,HqHXmhAE1wXDSGN3PwpDpZY62mdsPqkwXM8MPpdPxKkC,596727042,7556050076,
eRuzUur8bvZQKnntWBemc3,Address,E24P6Kct1Ciqmn1xgx7jMGGgCaMZLszpkLtdGhWnTVLH,1677540219661459457,868511334,
xM6ADwLcmpdCBYrK3HFSuQ,Address,2z1Yeo5LGQJ7g1jUjpubJm2fszd9UpBmcPr66xkr1aWX,281927136,8115696903,
oMvHxhWxtA4ZPUHTVTGxAg,Address,346wX9chacnwX88yVYMHBMt66x4t2K3DTk4tWmp59isW,1525615566,7764516510,
a69iwfVgVGbLid4ZL9hSeF,Address,DG1mXh7cQdX3JJb6NFXkzPk2jfsZj4xhLpb5wJGG6eFX,538231381,7931830304,
NWovtW9bHreBfKdQypJHzU,Address,D2zWHRvtcd1GzNi5QHyPGuV7qiCB8uCE3BnPt1NWpSu7,1094012312,7653968055,
FLDDomZDKaQWGjZkcEdxuR,Address,9wLFuevUBrVVLwMr2pkduaZxkFTJpjckqbQv1Zk8vuHm,991902531902148608,7223399106,
ud9NbcKC5MH7uoefs2CKUg,Address,2kzkatJ3m7L8UtDEXMwsEPLhcCJmfAN43eH6uyxuEtRH,2369176156,6629714540,
8q2aTnc9MPHVgiUeARsHdL,Address,2GsXYpgATh2SWZn7nHdtL9V2aKf1Uap9YvPQ9JJiiYqQ,1389565987,6654755490,
rRFMsmHNoWYTiZYdoJVdpH,Address,DtmGUSqUKERjtTuVM3aWg23xexE9gffLexraW9PfRyvh,434845068,6913846567,
iGKnnffa65CyQY4mEyCXG8,Address,HmoNy7XFwq896BXfkzj127vcMhNucxYWBPEYTGtBKjuw,1354027638,7675323938,
h7FrvzDEMT2Taxnyo3YpeG,Address,6RHy7C7xS1vkQXsw9Lw6QrxWWbnr2XKcjzyoWteMZo7V,232061476,7257797358,
fZEebaSCBXE3PyzfWViy7P,Address,2gZRfq2g3jkYuwLRHKm31t7c6JiWnuehwL2pGqsJ59fR,2517878801,7624521934,
YgzeCqQGTDeCXg5jAUFV4C,Address,BY7J1cHF9jKzT8BveeW77AN8eUBJmTRw4bsiigWUtVtL,1634728602,8178063779,
pCJ9Zia9RDysNuqEBhpXiT,Address,H4AhcLtfJfRX5Z7QnoYZLfnoTyXsDuRLBL3qKMryXGg9,393103175,8126980539,
hFiTzm23AqWyMBqGeNQFYA,Address,E1rQc9KK3XZSvS3g5oqLVuPtymJ5WUBov8fwoyRtxzqh,915038970072924160,7629822864,
nTNF28yXFNmQ4QGZSRJ6fM,Address,4HeEEiJWV4BzxgHAUXXBng3WaxBh65GmgJdU2Awzeb4J,938133522,6560810232,
R6zZ4mT7U6zX92pCTipz8J,Address,2iwEKyTrLRUn8qyCL3vFxFrirgsbtGs4sGGAEBHMj5b3,1357831741,7932609707,
J5DEGnPCvh42WUwT5EQnYL,Address,Fh3vtLrMn9DuDUfmQa8j3r42HmY16J5dBb7BLVenJu86,759220182632005633,6970489383,
sEjKVF2mfatrfzep83MwXE,Address,5FJQXxsLM7QJMkWc3CqvAdG6VFa27ATkSpxejdWJ3Pte,1455688322,7113127709,
vormLDwYnJnDzaTqSmq3XB,Address,A3ivrp8YS8zv7zgc8V4U3eZtQTQK2f5CV1BXmSwhQyJm,2665137066,6771327399,
6VPuJuCVnFW6F6fSny2pRT,Address,FkmfCgzkELnb8LsQ7uFQ9BiHXdGYXL7JsuPdm18tBKze,776576738,7839799022,
aNKsRPabGrzWwfEfT5SDKZ,Address,HTSEr5Ps28CZY866sCsFHeuA7W9mv1B3EaoEe5yTTaHs,328731265,6945443833,
q8Qde46cFtKu3Q3mXTE8fn,Address,6DXUEKxGNT45hkq1BhJRgd7eoaoCGG6BDTqYu93oKYpP,1651764027230658565,7798958528,
3VobtseUpePkwX8UKMADLS,Address,G21Gj7xZYmfeJfKzU1g3kCbJaFe49ZQPieVpvPEGsZ7Q,1115711048,6690725953,
HP7YRnpsGKbJgQpACXSsqC,Address,2ZPrxpGw45enduUXALsTxpw64QxGEfkFv8Qbi1UxTdtW,1229568618,7687674572,
HtxYZJk825AeuWFj76xLiF,Address,3LVNYjd2fCDFwzGX29L9sAkGCsJMgbqK5feFL5J8WxSn,757536827628785664,7697400168,
2TEVFkGtoe9PpqUASuxkKV,Address,HKmh7WMJKMKem7g5DbXyF72iaWEwqkx3ZeLkhdrc9Tx9,1659053298,6946126934,
Gt7tksiPxVmKD2sY9QSApi,Address,ES1P24T6JRi4Zu8Md22XLzJjYRnhnNUEMcvXHFdjUZxj,1611674918,7619844314,
ecmHRzJdcR6Q6VAEcSo3bj,Address,1388CV8L8CDxEPK2VfkU7FAmMddgh2ur9oszCf6FLSbY,2305538001,6671459927,
VKH8cuocDY9vzxJcEK4bjd,Address,5xUAS872Dxg3Dvs39DuUtNXMxFewd5DtWQT9VPJN9gDY,2820592296,7717043093,
VMzvGmgDGVxRFrhMqcnj36,Address,7nTZT3YtyuR4KBSNySJSHpY9jtimoZMpzFCV93gZNgwu,393838611,7027762152,
8TehWoZwFE7pe8UzpbYxCh,Address,FzBQxW2QXuXTDz9k8JLWHCijFQSp3uesWeowM7g1QeYV,2815481564,7850637992,
EamYDeyJSauBoKB2fYq7jN,Address,8m9zo9jkWk5EJ6E66eob4MKcgvFLLLi5jBE6pCLaSpHH,2287010583,7873633406,
PNGhcsZfPMj9JBvo7ofAdX,Address,J8AWksX3q4r96e2oi6EuMYs2srkh2fFxifqqL5iHytbR,937029186,7819887382,
QVpPwxhezdHLL3SbrojDfS,Address,9mUBGadJdt1eci3K6evfXNQXhCo2aeuBqZDMR8p3TJq2,2711955114,7998617185,
7rpaLeDtUXpZYdwiJgMepG,Address,6FQNaffAE9JzWL3LnbNn6yNJwVp4Wc2Jz2phSPzYuhPy,629171962,6414756677,
on7JvLjsTcHWVb4yAHvsfd,Address,Bb3mfiZuzkMZtNTRb7Wn1t454YtV4qqZdtDWyu31WCDV,799702754537009152,7171314812,
8MF8X2y8a6fVsjYejdW9T9,Address,GEiwf5k1XaTR7KUdzqTHkN2zx39dnwCA5jiXVZY8VP8K,443624533,8157153469,
dJh9xmCk6Cx88eow563MoV,Address,FYAyCMYSqvzXaAdY6vcmhPSHS6CVqrCccC5q9JDaihPd,1244303378,8092961217,
fSVhQWySPmCM495Smq5xac,Address,5VerCvv4rCZpKG81DuAa1GJ29bpraDJTrLWtz3ouGe75,2500371948,7626754536,
2muAqb4W9PgkEzXkosmP8g,Address,DZmP2cPhqGKvBNEAjfgmkcLR1VWxpPHYGCTfKGGgnAeS,730907502,7601738787,
WBazcJiYvbUN46F5rfe66Q,Address,9Q78Vbd6pQ3MDvJdhuRHfkyMPgULMogq7N6WAozKpwZD,2196000597,7452612948,
Haqmbv4AqgiKypxPCCFpMA,Address,3z69MxaQCqdL4cMNt6uDMiAAW69Zbf5sEU5RqcYiw9DB,526796000,6344056691,
q7gMQjfZ3aPTyQf5Qsu6x7,Address,6WHmrrvMSYsUJw87f2Yru9UtqjnddxaR884cu199WTth,192513824,7435574870,
7SjaJHY7hn37YLMyW7s6pV,Address,98rWJLQ9H8NozieCm31PnVEur2DVroXe5ykesK1dojLg,3117388676,7730983511,
JJxb3bSSqaAHKQjKqPfiVn,Address,5C8tMMCgwDJ7fnJXyc82YpYiosRKcMgPYQti486V1j8m,2539877799,7008128027,
jbzYBgWdVpoa2bKbfDrJ5e,Address,6TfXKpcRGs8CXk8uZ2gyJPAtpYrDRyJXqaHsUEgsJAhJ,1909752828,6915282795,
Sg9uvWy9Dqw8Ziaxsbjx9i,Address,2qowQASvgyCLKGQRGV7dzv7zBR9WS4LyACmdTRTNJv5H,1905986459464781824,6051485980,
vG7eQcdApCoZFPCFJBKYx9,Address,Hufc5FQyw2SabreeZqFhVdwVh4YNFx8rsZ1SxjriMNNk,1645589814,6778502452,
AncELUTdkDdjLBiW4puoCb,Address,7oM2n7S1vJaCEqrtKEZBfzK8BpngCq3dN51LATNUN87B,617905853,7159051819,
ePh3M8EQ3VibZ9EZCnv8rA,Address,GpDYVjkFDUYbLBUkkY9atjsPEspj9bbW1HhSwXcKhpQp,840029939508379654,8008755656,
oXWqYVPGgSf6ZFxau7AtoP,Address,3szLHy3MwHXZADNxZEiJAFhZ51D72DJHCy3zGVfRU1of,1845129428,6445511073,
D4iN62tExhojfucwGF8bgE,Address,ELFVS5ypGbiyS5SWaYyZVUQwvQfSCHMN7rctnuHu9QnS,119899284,7952411155,
o4SzC3i3mW5AyosgUbJXHg,Address,2aofvppJtcheuPgorzjLTqWVE3jetitcvdd4N1oSnXon,737813456,7422076783,
5WQx3ftCcoqfVxTQexVH8R,Address,DjSMwraQEHG74rJ89Hz82Arduy4mgCJNUXsYjKn3VhbH,1864859779,7831577160,
9ditoNgbtRKJG8XYdtvJJm,Address,F9DCjyCPaYqdgAEoY6LLbXs4FRULZ7gczGs4m16HEiQP,2413327004,7565387501,
GqgCJDhEVpW4YvEoXgNg3f,Address,AJL3YCwBvi5ggQ4YaUsr1CjHUBjMeXB1mhfhnDVskBKu,294285220,6918359463,
i7fC97Eare6xwFZesRty9C,Address,J4KHwNEWkVT9iMSDVQyCirX2fveCWrCm95bMesF59th6,367694203,7293666955,
vCGYxog4htBorpUDyoTmH5,Address,7S3DcStm7BXhFvmZZeNGhoB1BoALE6qPm8CKPwUy4Wwx,2955383324,6501076380,
XY5vP6nxW9DDyy6rPi5dh,Address,4o3BxarDoQEkx5K4DKvG8AzS76eXQhheM2QF3zcBjjYe,2304180655,7856678026,
w6L8DQREs2yPrNSEtxKYmK,Address,Dx8TTG66zPeRHJ1j457zhT9CmMsW4QzPNccZgYHryArM,2870219017,6427001135,
paxdDBBHG8Ar6ZddTSjd2m,Address,4XcZhaCNizL7dvmzqrWPn3X95jrfxYDrxHtjiHUBABfJ,478322682,7677038200,
N83SAULUC9uSoZmJTcFXrE,Address,N18mSJ8ENdGT49ReqTVGTxMysR4jmMZAXjbuS4n4M5t,2380672300,7460578909,
Dtov9ytnZVvBAmNDTRV6mF,Address,BX79ShxQaFg2VAiRCPTfiiHGo6tKSbHrG66rNFfD5dVW,1707260384,6131619518,
M7NaGXDSqVMK2YfDn3rfRL,Address,FGftiHaWLP9WXtPsNjkFuzyATxmnLvoXDu3Xe9Tmmy8u,3222780247,7744335951,
9FFp2CzTd7ehVERv3mzWNf,Address,F8GevQmQSxYZYCHTDtwahwLzoLrfyptedDtR6n51x1yh,83633702,7418275985,
LQazbXPHi46RRym5ky5jQc,Address,7ZxXAiyfNfQCe29XkvAy8RfaAKvyGo1UpayWMzzofFrD,1562010500,6523694525,
7LaWeAbJomrayszPK3cmWm,Address,Adx26vopt2fSHUnUX5gH61SjbZBgaK5CJ9H8w31RFWjP,336755966,7472908055,
yePEsLtJXukZGHMv9HdNLf,Address,3Djev8MdXz3nUCHyLMjiUZTikXxAKPmU5Rtd3DVwawL7,2924043179,7547829553,
4YAFYvW9QiE5GHQukRcagj,Address,EckJ5fa82D39u3stG35pQYb3a3CLUn1HHuMqadDQdkqB,104753483,6813002841,
Egk84b4roHycGCrJzcB5D4,Address,6zFWZeaosCStcepsAPRi3pqJxtjKb8FSxYU8zvJfmEkp,957222082663866373,7461428713,
8jwCANHh3j2Jtc6iR6yG5J,Address,EA8P2pBPfB9Kjs8xDmLK5jg5JFJkZuJA67LgmpP8TXfk,2234304639,6508725379,
9BfuLZkEQMeykjLMQiMBVf,Address,9rwDWnwQzf1ZjtQz9sKUASQkVVqUorUhnpBrP6J7WBm,2169076541,6321206056,
3i4hQ2t3RqU3xTk3xsHnx9,Address,42WEJiUbfKrgZ5beKzQDEbxKrG68BQWRzD7MWVmBiyyE,71548080,6795833112,
gvyn75zgVXNtp8L8iwiSdN,Address,2xEQjACTH34cUUmaBvTLfhUUyrVbc3ZvAPoXCyCZZW7n,524741448,7261609040,
8QW8Y3t5CBMQuQXtWCDm2N,Address,59XwK3y65rqSvTA4XyEzf9Kv9ozYt34bkmjiQvrKbi8U,286876945,7014270861,
AxQsTpHqsPUTLjqGQrodNY,Address,CHyoiwxtYCJr23eB4B9vozd2AHNPpXJS3KjmoNvR7rpW,1515765997,6635423286,
xQBiH5Uwy5qAjPVUoCJGQ3,Address,Fpdc7oSg1puvM7QPsMwPu5HgUWqz1jCsdDmX9Be3ai6b,603332882,7767277193,
jdv4AVdo2f6i6M6yag6kcY,Address,GK12mHwb6erCs9AHNQEkZ1MbgTXFDdEc5iHH7XcA1KQP,597222530,7621567753,
irdhiDJSEQpWNBRKSUTmJC,Address,9xLpyKbdqxBpYqCtjW7phGpW9V1bxiVkdGAV9B5FWghD,73426874,8151436388,
AFKK3W9EfjXGqZ8gCKojF7,Address,9iZudtcxzCxRc5icYovPNeppy4EKotEKt38xzhppRVso,75681728,7324071821,
2o87DMEws6tWayg4vnqPUS,Address,2mBxotqQhyrHnp4TG7kxHxRn2R4V3D4nSCPpzsQrWTvV,1708223844,6898137025,
rib347cLiEnubSEUYKx4FF,Address,TELMmNnuLmCDmAF3LZ3jhv6NfvEwR9bmaobCPLnZ8gp,1374166370,7416414790,
3PNureewSbZMdyoEGtJ2eg,Address,AofoXADDAdJnWgz9Rg6pZ2xXAptGK9akK4cFFLpnSYAq,893986513561825282,7503382270,
nboMpuMm5CHwQzJXpBT5hZ,Address,57uQJLQLooZ489ib63xqBpjGJh2ViQsZvcbMYVXkNYQ2,167983754,6813469793,
cF78HLxshjq5di6ScXgLB8,Address,9CX2wGgofbKzmFkbVok4YEwZDD5j4vFEnFuY9P5sRY4r,1516804657,7395006219,
SRzRubbKQmu4k9jdwpoULB,Address,qjCoZGunfCWwRSjJm9EkJNhDpaN9KGWmT38vCxsf5KE,1576223287,8016054673,
5VyVkav4JFKZi39RDs2oJh,Address,FrkHv7nB37oAM4xF3BdFuPT95Sow2CEFr6GrVGRJvz5t,3256988694,8132648938,
4bsP5V7oAgXYEiBEXaPoxA,Address,Dom54gxtLRAdBnsZ1UTcto77Bq4BVgbR9zojbv8opyqb,1592644662,6926863666,
zyLsjWegLCoHV4aTfjtBse,Address,GsPLCv3JNx8kv5oRGaApgiqrKJq69HzYdRxhvq2DyLuZ,965599522138279936,8199823394,
dPCX7YrzwhHpTPv36BJtNK,Address,8JijbZEYcamJajtVvXD1eegMrPC4nLG7ptBn14GSyMrh,345756039,6946829574,
o568QfUwUoWYBFu3zrULbR,Address,Er7jk2MWj3xa9R7rqR4N31Sv2dUe64ZZEkffBq2TEfA,591449773,7863568517,
95xbrnT2Xi8mb2mrXfaA9L,Address,2eY2mH1tyK8o6HxB7oYSgnQUG5RNPe9Zp38r6qBVxe13,209769718,6593612297,
QhAq5y6AWGbRxL8vNjZxnK,Address,8jTv2RTrB8xp4tBXqRZovUUJsX5J19m6NeQ59a1MGQ7s,585402698,7988559123,
Haho7aELRxCgPV5jvwr3Am,Address,GGM5hE8XNBpH5TbZm5EQfg2Ud5qEa5HjBKpnDdHKykvj,1383930991,8101439267,
WdzHiCewws8tLfSYP4867,Address,HWzxqLAx1uk6L6edoUu9aeRdqaidrmC6yf4NkTsHS8a1,888521290688147456,7281212054,
7ZNfmZNsHA7cL7QyDDepMY,Address,CPmNE39YCNWMDSnPxYmEPBB4yVudhzbTUuX7zfkfupsZ,363322189,7845182987,
sKc7i3TxiJo7ZRFh68KEGK,Address,EgYcXCFz6HeR3tZq9eLL98s3B7tYPomjtiE6SUWsCziP,176862241,7456546368,
q2BWsiRfAgM9x4svRshWj4,Address,2kqktXoAxiNvG6UX2nfCSA1JicjM4VkJ6eVeSDhwpA5h,224462712,7943691673,
g3ed2pgThdNfw2MtSPffRo,Address,6KRbzumX4M6b8NW8H6BSZJvw5RqgYWRCWYHEc2Vd7pPK,3287008070,6714693569,
Hpp2tp6VJjXdoW6bAPuDM6,Address,B51PBU28q3rS6b9XuTW9bkGRZUPaTkW4XrwVBVmndbTP,2950650457,7770058500,
Fn5PuAoWyWZSn8gHgQzZkG,Address,6XY1tVWQ6EHUyr9knScPgKYmJRGD2uCMudnRSCyeb9fy,562422538,6072534142,
tqRChAFuWuNekfekgavvUN,Address,7mwmZR86e7fUTc6qHQs5iG4VvdvZCitNCJbym6M4v3Eq,2553443947,7221144591,
nkBNjLUs3FQokLfPdQRThA,Address,DktjRsumuZVbEh9QjrtJg72rgHAt7UMaHn8zKcmmYXh1,4844706989,7329952010,
oWKTSsSbnZfjxNyQKHtyQG,Address,2FWrgmcxCjPiRkpgKHLP7q4N9XK7TSmntqLGSiwPZ1zo,2981189814,7457334733,
dkmPmPWATv9Pw6wtXQPEr8,Address,BVsfvb4QxE2YkyFXHPQZ83eJoEoSEymRBtQcXY9Hj9ot,541527811,8044131627,
K9UCyhEx5x2rTti74Crvcn,Address,5rm2X5hrQgXa9pFi93t3qEoZ18mVs2Km4PTdBB5ue9U5,2809370696,7019632698,
Z9GHiGy5jcfPZ6TFW6u4wR,Address,FsZExNcuCabJMwGquunwD1TJi4fRPFx92e4Pf3av5qxc,1408888028,6538142552,
pq7f4vdfuAXW3acx5zjw2T,Address,7eQ8RpNKNrCKmM11rapS54sKzdeFc4LTf8bd7MLAEEz1,1057674589,6899554422,
XdcW3MtcKwqaPzXKWdbGof,Address,6mfFV4x14EDpJCY5p7XQRKKG4w755HqNfJ66uZuUWn5i,878944333,7587071173,
AH8a3uxQoEeK6npZJknB9X,Address,B8HK3ajt81FeN8V9FsyXyRzJ7QRJFe2p8LoDL1Ab8Do9,995991516660338688,7994833021,
RzgQMuzmmjcaXRBSzBjyrT,Address,Gjrehj1uApA147CszaxK6afiqZu8Y3mxswVAXMYXFCXH,1273540836,7818248226,
65DFKbkEzADjXSq4uDqXJZ,Address,5xRTzCvDDL67ZNVSSCtJmVXNXtQj1LqnoPAXPnRG7cd3,2737866788,7098899160,
pbgGU4pjjwNYwTL2p9UP35,Address,76ufAm4pMN4p6ih8UVusYSf4CKMz7dcty5Lr4ij3VzTs,494310381,7932145318,
b9nPjUbhdLMHNPnz8aC9GE,Address,8H6X8ejJmiGsoidXVEyr9URgx8WqZqThK3gdaA6myJsA,321121012,6839300692,
QLBCj3nwJ72H2UUdNDSUMS,Address,nQHWUkHr9rv11gJYzeSks28PHtHKXNjuesw7AErTY51,925751287,6967709322,
tQogWax8SVanJXZPm3DxbH,Address,GL6tgzU6WroLSswkkjEgvkQfxiyFHQFpJGZjWz5Ha7AZ,592246229,7418959037,
yhkfnXUXgjGbM7cX3t6tuD,Address,ChmRwimbj156LSbSw5kaeiooyrAH61DiaK3DJASD5xB6,182879322,7412214074,
QDQTMdWtr47KsfhCcEgVAk,Address,7d6cLVQbd8EugSBapyiWjyKy3mqaJvsXGVG2XHhSVxvF,860894346,7104398028,
JhGMurM9jQK9hkZRdQPFXn,Address,6GfJjxXnLoigrsoBjTAG797x3CqbiisUGLBXPbjVvvv9,914901313,6466135650,
xHZZmWWRrAT37nyASWPusS,Address,BZSLKgGirXVnj3m4nVUakDQqxZgcWYQr1kQv2EiA748C,837958129476337669,7585443205,
Z8kvN58PyVy9b2DC576FtW,Address,FgHdB2smV57JAgYUGXsVPdjKDDgYsPEPfHkbJckNJeCi,1775117334002237440,1477009510,
d5K3WNrj4DyTfjhFQ6fWuc,Address,3gfY27Fkxa7KCJs6UGeyiNhM26rPd3STcHi5qNLiwEwp,450479999,6898954150,
hsQXyY9k7YrHQBDqZJYoq4,Address,76Knn9DS1Tcn7X4GQ5vuiSZwZ6T73FWcE1BMn7EbCMQx,2744406222,7936659495,
TyjHjVFFiggufPwr5uqGGY,Address,CxHtqkqFULrM1cbPFjyxbFwNzdc2GZf8hDD15KvxK5jn,1389968953,7298526480,
ZaavTiLxRiHicQDWt8mVK,Address,7Fq54Fqboimc3Fffq1yLNZyA725mEpTkUYVwvfdhukUG,2852388759,6514885048,
KgJxEFVBdHoorvMKvRTmAQ,Address,FguMVdFbj59V3y4e6oWGiiAwWkmfePC3RsHc4x89FpUG,520838435,8183479541,
K5V8WhcYUXjzNjAg27VuQH,Address,Gkg39uwVEaXvvbqcX89aFxtx479ZP3kCkfVWmMKPXySZ,262793936,6796051302,
R2R3sALKvLd8Vq9wMJfKZ6,Address,GVKYemRrsuHoGucXkd5uEuWnv9GVzxJ9QU3fjRxYRFjG,3242335459,8118981167,
4oRiCLgMfnSebEFP8AibHP,Address,DMEV7GwRaUMVwdTrPt1AcF6LW3TaMGPxP1a4ob149gh9,809829506,7667122793,
vhsbGkrd7fFaGmBdJFNrw8,Address,4k8vbRxgfjuk8yjgY9nhmWTG5PMb4BZnHW323gZ4ESUv,1227010435,6986980858,
QFuBPS6Bbe76yqay83vwRS,Address,4jZQk4jxJPHk3cuNh698Kxb9gCjGeVZt537WuyXsY58q,439523347,7206794593,
WaCu7gKYYTuq2kGU7ZowcD,Address,BYY7N3faztQuPf3q2pBykv8joiLj5F5LL9z1edngXLvi,361919032,7173789529,
VeoFrjaAyBj29k6u5gdXA6,Address,DktaoU8wGfYpUpFM32CZ7mN7zXUW5SUiVe4gAJjr2xYp,1416275839,7934414382,
NM4StzEhoQ4bS9Ms8rfpbm,Address,He5WupBdNP9gjaK51AY3WsDqECGhoiirP7io5ueSqWQb,1651774630775128064,6821903474,
vdWuBJgLmjDBuL85FYUxMT,Address,DjEKRqecymS35ZesdCNzcomggUuGjZAifgBDduZ81EVp,2463966132,6615244631,
8yDhu4aTFcTBS8CA2nWpeU,Address,5Hqejo9F5A1QmcmAVhDNWvqoHZnFFQpppdfYxgk48xuC,3122158765,7277901951,
5vNbznmw69uw2EpaCbZWwD,Address,BnJ1GaPE7AEdQCS4KDKwgQbiRq2RqQaH5nrExFhhpePB,1390897303,7599203597,
db6uBNnAtdMNxTG3cM4sqT,Address,EfPPEb7MMmCUsGpoxvCUYpfyP4DXYXkoY5CfgLwz4YRx,463645885,6743904295,
GAsVmhyvKVCmWVM3QVmk77,Address,HKY18X4XQinEJYCBpgN3DzHzX3pjjHHus5NZJr1bF8rC,1268128074,7732837539,
MmLKaDatbcYhbzox5besKa,Address,Y3PwVr2AwXZuMcTRyAAAiUkzpCpKHhKYJEjLCf7agnL,257277638,8117792272,
gwKbJT74RzntHGdRmtyv2d,Address,GsN2JUCRpo2EBniv5vMmpSWbHD44wBNMjES9RRKQ3KSt,215916809,7014489906,
teUNfNitugrmuzAQdToVQK,Address,FapzAuqSLqFtSR19sLE1ZRaa1iAbNKHt5KHQNdWqVVXP,1211187306,7010716252,
zWiMtW4srYXdGyi7zTD4hm,Address,4TrRNJU6yfABT9cEzQQ68B8rNf9dG8oAWyiApjSAaJsm,505505835,8125492550,
yBdcW7nZm6pLnRgfbqcFxD,Address,5g4UB6NHWMHtAdHzS4kNAhSQLV4zPMvFQwGzYemLbqq5,1060606920,7770351136,
NiYVQ63cETeqx8BhwiMAvF,Address,2S3u3RSdUV1fv4GsiCKx29LLunTdeYvuarf8UE6ozLgD,546727943,1952578399,
XNcqyoGvaKHY2SCEdYhceZ,Address,D8uyQYvX6PADApKmrF3esYuLaTt3WZr1cZfHYiK1q4Zk,828211951,8005066572,
yazmtYQjxvgVqcvSu6CDPL,Address,5Y7Wp6DfbK5us37GRCUJVs8w2mdxFXCAFd9Vf4ERwWR9,1428813407268925441,7648838245,
MMugsUG5XyUSDPHwUesAD3,Address,7vVCwuPiaPBPeBxAAuCbVickCsXpYbmUBwpRcf6M7973,1560416570,7063814335,
dhFbtXsVSU9Rf9C76Eff2o,Address,9Xu4p2G4XmwaLuXYPbxV64EvfUfCLg2n8n9pPNxkVF84,1937250596,7645268456,
PSNDd8H9Ejww6Aa8S9aZrc,Address,ASNNPSf6GMpt8tuMJvxzd9TAFWeUJQGPuPCc1aMpFq9Y,2442067117,7271445711,
Q8NyEvk7Pdx8vqztgm6jKV,Address,JAvzFvakWV5iXBJc1XkowrZtcw2WiJWKVXQwF9Qf8KrV,454432205,8095026155,
hCpaMNJ4cVFyh5VkAmwYEZ,Address,CDU6iYY6U3gvAA6qjFrcpabYGEMJ5iyv3jFMfHi1FknZ,91479551,7090552522,
m2YjDhVhxL6cTutbRbsBHU,Address,FCzoz7kn3NJ4cpH8DPox81rQQ1DD1TaZbgy8dLkjMJ6G,2993017340,8048399348,
xV5gDe6KuKmP74FrZdog2k,Address,GCtaUzS1g3f63zHyfvutwZAy2Jc6Y3gc5AkgAqWvRs1P,1235154762,7683248383,
kegd4dzXnsPkiiuc6bQP6U,Address,8rDhHzXarNWHswDF3oEukDqPNsLPCTAWb6pnjFh8pYgQ,859893156900478976,6958839823,
CAW3tLR48AXB4fxoSDGFXm,Address,9eJCLyWmuKcU9qXYbVF9GqdYGHbAs77j7JVJ2zStS7Za,2206710696,6701228340,
5qfCg3hhxfAPgMqzJe9okP,Address,4DQu5J3VNNpDkwnZCudMfBX3arcvDWniDkVubbpWyHRY,483290745,7714194446,
CDwUwaXX76ApxF3XdL7vRk,Address,F9rEygLAYT8sy8h3tNj8X1SiK4w1myNwz9PSfXkP1x6J,2990166294,7787847332,
HQbXjKYUqfTw67yFisKfR,Address,ANpGHVTZs9MHdabRPBzsDLusyWbBJMvaK1iXdxPXfTqW,316797515,7989119373,
7CXCXCTmQBd35HUKJkpYZY,Address,Bu54HKSBbksisKSxrMC5PoKyEacBZpKVjYFbNkvNiAFN,1572317155,6844372042,
T4ksuQZ4LMtdiiWDfFLTum,Address,C9JK4Gwx8kTtY8uHhPwjZowZoEwJVDzQbM6q2w7zEepQ,809172692029079557,8116094476,
z7uUN9ApVcWR4zYSZFCT,Address,2iQbAgYm5DAUCQA5azmRHCWkCXHqD4J3juADivMCuzT2,889703504645849089,8114422614,
EeEg7C8WCur3baF4EhQRKH,Address,GDp66Kmk5EZ7Cx4m3Qywkidvdgfi85o7CgkkmS3h6Stb,1330958136,6427351997,
PNy2Ect2FgUShfBQT9Fg3,Address,HyogDLjwYviamdbE1FA9K8VuyEb8xXsrmfjigAS6nw8U,329410462,7080839209,
3jsuGbrEn4uRu443PAAB3c,Address,CeMAcbyaim47VAofJ6wMLnuusAJ1fxM6qnaX59L5zGKn,32824455,7681443065,
9DF8eWPvxtzeTtUcbrRt4L,Address,3oKwbNKjCax1nqz8SNP71C7eRqR3P6nf2xYbecZC4nW3,295225910,7144854855,
wzxUyEL4FbNk976fa8ecRQ,Address,CdbD6woEvgCGfnNDUTtMAd2R5yawrS9d1USaYonsXpWc,1013416942030544896,7692560738,
bS3wNNJZsYAaMm87GJEGWA,Address,24LJ3zGUtmgmnPdpNwoebmMr4xnyonPnppZSWpE1fMx2,2295174274,7981134866,
DfTQMVhJgBMn3RsRmZUbnL,Address,2vmnEGi6kEHK3eyUeA6NCiEKDfWTDJ9oKEma589JYWQE,240242333,6773517481,
FFszJpcSmt53g79C9Z5zFD,Address,CfEUGCQiSL3mbhMgtHiPLFZ3aEdrZYNuDqC1EZm3r52t,3049949477,5825826180,
UUy4myUSjNLj32uao44ZnT,Address,4pezbgrKW6xTstpJgj3L4ZYqZCurQjXjzHtRhUpokin6,593805345,7745564793,
MvFfHh9JLdkKvAfkttHChG,Address,EXj6sJYASDb4pf3wcGUguvXYX2371thy4kcoXtT42Pq6,2830283902,6672215266,
qsbEpRerF9Z8SqudbLodfD,Address,DxhkREN2soozNGnDKNxNTd8hzZhX5dbw3F4zXxoQvuZr,566409365,8156084510,
fsvNMBV9g2XnTN3PGgjxUb,Address,E2cy326Kp8onN9mV2CG54HJ2Nqu78CRRSmYujLQ3kHLi,636357877,7829789697,
ijte27QVNNmWqd4iLM6qoE,Address,qMZidfD9HJjPm5CeDqS4zAiszHTKrB4ez8rUgxZ8rni,276603529,8143755281,
BpfFNqBcCJsFs9mGcg3DiM,Address,AuTQTg7Lijiai5EEJqc2yutS3WpjUVbTPkNMHQ9Ly8YK,955940538,7961696976,
99aJvtU5Nq5q6XjvfHwrTC,Address,BEi2AvJP1MJmM8qtbxafUXspcFJQEprCeWLayUUzbnLq,1361631072,6739891896,
RFoTfwkWZAgVzDaVVfwcsC,Address,C2kdHHLVJTmHLtMStMbTHQ4W5xxYeKRGZWs4vYK9MvJY,944695968187994112,6685094707,
9MpN4yw9SrHoBNxfoZe2BF,Address,9bALRcNPKqjWP6nWDavecwiitWyFmaQi5EesZDDvkUYy,193469885,8111731362,
ThYGN6u6rrf48SsfGDGa34,Address,Hu5TDNMPQTXrayfDjaYQoDrGuduFYfrJogvz36kSJcmf,400229472,6335300883,
kaLSjDRkGJXywJL8m2t22R,Address,U9UHG9276ut11R9c4xp2Bq9YCX1sRqxVf3MxGMx7ToH,1664124733,6707578688,
JcExWcqvFekhKL8LoLd9Uj,Address,GWbQZ2da3WCmMhWRjWaD7DJqtsVLdNzWaEod7QyVePsB,1199261732,8021197250,
f8WrbFNU6zWgcoDPPvqKa4,Address,4P1n2d1pwFUc2hdwdaZz2PwToRnBcbA1KMpJSiS22QSw,1140185354,7727143134,
xmCB6WvqMQgWi5BiMZAf54,Address,9XXCcmt4VP8fvhJBLexYErCARyc1CnXppxhuXsi3fkRd,635454551,7633688839,
UsEALnEGSckVo84mhb3USQ,Address,CRYpgwq3jYCi3jK2Z5KfCrercCG3QmcjPy1ibkNzaj7X,843545318943789056,7467052387,
2fy3AH7a5d2qFg2SMtcvBA,Address,A5PBe9RP2G968GxdnT4xoLXtH7r9jQznZsE6uBch3qYo,1920779250,7131509988,
9sbkmHv5cfQGxVqEyhWsWE,Address,Dgor3yzDBnKNzDWQdZJhM6VBGXdt5RZJDYBEYdSGonvr,1160179393,6021711123,
oVLDEnrgUn7ivGkWAQ9zgE,Address,FGPr2LviFwgvC3EDa9k95xCaxKKM3YjeePdS8sYENtpC,2357565651,6448295158,
UDEYD22US9qiA69FRejUTD,Address,9p2a9Du8H3SRk87SpHPuEpSkvRUEg3CT4FGEzcaibxBy,171605850,7773796757,
YXYoviUdGYz2V5GshUj4om,Address,EPNoa5SQzaLWK7d4RjFyF84Y6AgvAMmMfwxs9rLKV9YD,449452615,6679651505,
JJ7ALymZxRpjmNC7K2giN4,Address,FWiWg74frLezhi6xk5Ld657L9W4gEHWvKL8STCRSPCv6,179801804,6922632458,
5gjZYQjAeQxeXhRCBmhvQ5,Address,EHUUwPU4MBL1jbtv593ga9F2NscrwGJvRxGFjUrGS8ok,784680263628521472,7913531271,
YBT77dj6JFmbmqvHTVpt2D,Address,98hrq581sEJgzG4EkrJSTnLQ9yu5JAUosmW9LrVkDXdR,2758910478,7678766164,
F5aW2LczTtRHRbQRiwNMP6,Address,41a5qEPGmqURiBDBRKt67dksFi3EfoeTzsTf9279DkXe,2763702369,7850162352,
SionCGG3gWcpv65T5AZd7P,Address,H3H47Hy7LJUiSiqcVabv9pT5LRXMri11Vh8dM9ZB5HRU,4761739265,7092095016,
EwDJENXQRjyNhWrN8uiTb5,Address,2JmXusT8aLu82hx3AmVYB2VsL1kA4dBiNtZpAdxTYXrB,120086272,6586919966,
8MVKTAupYRUmVHWNLMSAPJ,Address,ADWrNjDK9mEanfoV58i99Emn9MRforWXRAAxEMcnmGkP,557377022,7410959511,
4MDtE6e6spcFB6QSwT68Hi,Address,4aU3FWxC9zsZ6Z8eKeU6WEvY4mEWRQtgq66h8AARdm2L,154970954,7925543144,
E4sCfzjsqafcXmzJzfhuiE,Address,4sy4So65Uoh4PqVZv5t2QDnsxoEHJWJnDgrw3XmUdWDU,1494376982,7862868837,
LS2EwhgZ5pNYdtmzmiRAmJ,Address,C7x95a3kP1GMwWZqMGKeaVUHr3GwcWNq1QULcMZaSezm,2826648811,7163758169,
focqTXMDf5uPw2Y6wU88m4,Address,BM6h6NhK9NnjYr7hJTibwjKXM9wdyhHFcC3vKWpGKE9P,1944539784,7783050329,
XxvfGvEnUZkuNyKh8B3cXk,Address,3av5WSn23jPtQAg3DkR5wnnBYnPY5wLvfKYmh5Nvsff8,1297357141016064009,765714120,
r4mG2eazBGe3pkGgv2aNhK,Address,3rfGTPEfbp7rEpXF18x6caPipd67UncB8QEVFtKQsq6L,741554705545957376,7549938243,
sxWHDv9JCm7a9o4Ssf6Bji,Address,CX2KHfkCy31CJiZSrcBXqcAbPupVzJYUtiFEhsWCmhyD,1691339509,7854147905,
VY4jUi6cZ5tSAwtQAjmkjF,Address,3aFWd2tZWNwwqsnMgoivKCrXkjFst51PQVZZuHqaK9QU,1598879196,7432888565,
Ur4cwvGcNKynhBcwyvkyGj,Address,DodEsiDRvJNeXJASXncssEe7tDzYJtJFw1tM3m4H9BAt,1088690623,7082808011,
yrE9pYtL4afPtbUhfRs9YS,Address,FYJfK2KDgCPojeQ6N2MvKS9SibXT5fkX5w3ZXTG9V9vD,805839195453460484,7820003489,
vtawJqwAKMvbyYrqba2YUo,Address,FkCyVUATAZaf3jzTrYgNeYJEumRkca66CT1D6P1cGcop,1212683797,7738698517,
6u9aJRgRz5snhJtuC6hkeP,Address,7r3QHsazQvn6w7WtNQPyn7nNsb41Q8JUXCJnn5svTr5X,1246602602,6761699156,
7D7sRcxatcKQtVxrUHb8k6,Address,5UnjSSRwvA2oL7RrU5Bi5dV4gHAtt4XcsGjLukotPw7s,947595568804696067,6458028062,
htWkzSBJFtipswz4yQHixS,Address,HgSMteQPmuLTHgrJvpMwxrMhu1omyDQkNw1YSYVoLPNq,1505517812,6805994808,
zF7GRbBdJT48bH665dQV2i,Address,76LMFjVr3Fg93an6Z8HfzoYDeHTB1J6EpQDZ93bdmrHQ,744895819,7538708570,
RXEwxGKUD3sqfnRPJDRSgb,Address,7esHtdA2Sht77iQR2hEPh9Bf2MEYDTcL1KYV8J5U4wkR,878717185,8193283791,
u7Z2Mfu5obk45gfJmhJCAZ,Address,ELDsaP1tie1LWMx7qwBbDNv4NuJF24MBqUAxyGEthn8z,341411899,7642098750,
yMUdjv62SFqDaKkPjgmaBL,Address,93FaXMM9K5PrDzNDVpp5ZRpLVKPfYxJRczoLjVxFEfTH,815372216342716416,6535066429,
w48PyBUCtyeskzzmXdrDxF,Address,3aqCxXMxnen1gL1P1hgRZQGNDnbUiRD8fWZbF81k51vJ,242571814,7598152018,
Q4SQAcpoQnkB6Uq5ywpibX,Address,5vzjenwTeTGwDp6Z3DYyTzu8HiEYZsBpofAhsRWUshBf,324058638,7972202554,
WaxP8YAqLZDJ5deVCMoFd7,Address,9VRXMThjUCvfyFXtGq4N3qwR61yn87kPsfUAtxRcPpzp,322397234,7886521168,
ui5SPSgKo6NHviw4gnfSBi,Address,5ZLGpz9Cq3gQgTLGet5dPeYqbvGqJY9BrZdxfN3ZEqGB,1693523364,7623585736,
JFamPYd6gnu5hbBXyC64Me,Address,CJknoJFQ2B4894ryAM51cosH1H3SBUbyEGQys9EuvMoj,1424527304,7233777434,
pKFTLpmL8b83pPQtrXwp74,Address,B4b9oqrKN3eTugQ8Jgy1o4j1sWxMC47488uBiQM3iL38,863401646,6217737928,
rVDMQRFdRAnLKezT4q3yPe,Address,Akf7rUQWjwuZF1YTsvko38H16Hh9BQiWcGSMiDvuLfK1,807218057554829312,8176766345,
q5UfxHpPn5qHhYCY2QJxTE,Address,EAugQPd7i2R2QXz9Wb6stp2JjNs5ftbxehp9BzVVJCxH,292585877,7525481303,
CBGkpTAqqqmjWVinHm8gQF,Address,AdyFrGRaws8eCBWPCCfTM7pKNxbExwWqTWeGfuujy2Cp,800967031,7309146019,
4xSjmjoHTig2R5ZL257CYc,Address,4LMKU1HCVwrSB5uJVi5SxBBjiX81t7XUp2Q8oRh7T7FL,2593076360,7674757241,
fjK95dkrG5jgJKyLth2YJA,Address,HMo6KEGwAK5Abhq8d3s6gvPakKbkidQBqouvtXNpHarQ,350645363,7496780129,
eL8HWAWKsaddRFPr7eWRNn,Address,3E7Sa6yZHBMdpHV55xExpzZBgKujGTS4QvE4PVYcgNp3,772529029425598464,8002518752,
6aFB6JRLUCsoA8pvw2ToTW,Address,8ao13JSonKejHDLhpBCYpJbNbMjwv6fN4Wn9GCXc1Zai,2295165116,6746190130,
KmKU26yNCoLayoHRqM5ptZ,Address,BgBEMDjasHFt3hdvPtaUDZCxtWyhJU6o4mF5Cke3AEXa,123283445,7561837890,
jhnxT7uWaBY5ZK8KbyAeuE,Address,2NizQQVxGHNJsRJ1Cjpku3DhtuD2ZqRt2mThgazqKzy6,2571018619,8068466894,
hM6eAWj7y9mC924LEfTbdg,Address,DjJVDp6DrSi7mgpo9UDFk4vNFSmqjDW9sQebEGPhATkF,353922813,8105236330,
SwjEnAb92zACTcpvAcQKP7,Address,E8ftyx6iyhUMsPdTzBTfc2f5P3VCZC5LrQAzKidA2iw3,554658838,6642853271,
egeV8mS4saiwtYi3itPsdL,Address,GZrEBTQLxSAEyAXtJ2LojLhEY26EKcswV8GfRi1W9GhT,567830150,7806545592,
NsXg2Sc5um9PAGNBXaPys,Address,7DhXed7BZp2cudu4ujDPK8CrvjNwwrnCUNSemK2sEbPF,4585458437,7889843827,
dvqnD7EnzbVAGF8CkWzXsE,Address,CMWF1a4AXsAVmGqxxAUvSNKS7Y9aptCoh9xvgfteJx94,2601536466,7726628387,
wgajU4QGMSXCpzAuqc5RzQ,Address,9mr2WY1ji585dZUMV7EZZjknxn5Cuzm8wmqRbGUKs9o8,1096543896,6635957982,
wSuY7RX37to5Rigs8bxDye,Address,7M4RpRXEbgVwDSnjz7v4qWv2MXtY8ypV7brwVkqG92BM,1013750688,7390103626,
T7paJrKMgJiRJva6sfnNZN,Address,4GctgTsUq69huSrqV7eXRyy1oxhAjYk6Q24sdMQcCNDo,1785004030508347392,1062635154,
7sXpduJ2A2MdH67zBDJnBc,Address,42b65Qd58pxbgTjiyeHkRHmpjZi2XmnGYNtqvxs4G4Hr,1035507434,7780065041,
xZRLU8sTpFadmMankhSonF,Address,FhfuvfAT4QPFyrgKHQ7S4WFukgrVutoEkR5gto3VBGc5,1455354092,6813446925,
YMUtufJxSh5nDUhPPSEXpW,Address,CYJmzXbdfoNWnsF1LWM48FDc3CVvR45jB9HfxBsiSP8U,2187013774,7422278554,
fswcy8sjnZ96JJLWHeHjNY,Address,HMLSVzjTqTAAW62McmY4dJKxirYDWgV8BVxcFvWrCzA8,613323519,8139873445,
NqQFSd3N5UG3hSyFDfhxSE,Address,4nuicckxdjLCtJYwQK9T6xXZZu8Z3JsHJ6FhLqtfaEWE,755954862,7914635043,
M9BuuSwpyiVM7zZFWSrNnN,Address,HR6ddNXwLFyR3A1V8khk5qYtHEs7m1FcaKEtuehNAmLz,2534903900,7779764837,
cgo4wxU3ptj4VpooEe3jxU,Address,Be1SPVRAAn5MpLEe58F6BuNufvFt9x9kbsp8UwGQMa73,79058591,7226341014,
P8GN9wAJwjhRXsLUysbEW9,Address,4Pbt1YpLzpfTMgyU3ueQkHPYmpgRzNfaSPQzPSYKM9mK,789615809580691456,7395007643,
ytgULHhVzhPGJHsvuunWVd,Address,HeyoaWeVAuBmE6HeBR8oW31CGkQQQWDieikvjeJPZS3w,215149363,7649234324,
GwCR6CTEpTLiQrHHgsB3eb,Address,8MJU4fcwLbHV4XvWDzmQQqhnoXo5oQFwGs7aNav26RAW,823659690,6684000984,
kgorXFWrFMBeeDiqhmu5PY,Address,ACZ71mMLNpinX7UjUYi3AomgEMo3dnb6hfgKxiyr6Qih,416242904,6091442280,
dzrJy5qZ2PQW48TTtrn4xa,Address,J3Q71mWCYGMdS2TPEqvVXDAEBVbjCm3ZwFDSpoBi6QSs,137744476,7715365434,
nHieBWPpfEezfN6cZW7z9L,Address,DdpEymWW81bjdWa3pB6Pze7GnXWYpzTyA3wWvm7vgYg7,38382255,8062238908,
JiqHpLkA9vQooEjzYYi6tX,Address,7kCWcMsmH5zvxwHdosFf1HTcRrN2V3S6Ny4A2BZ3Z3hA,2299964977,7482378638,
8gDtNRSKFDuVtNP3hrytMR,Address,5PUMHxk2SL6AUwUJyEiWLyUTdsa5b7YtewD5QNDCjwzu,2841310393,7672521678,
JtNt6TyVan4gaAxCMs96RE,Address,CJbKp3uDYh7pd1NY67Shpj2BfAirdrCy3xuk1vp4bq6B,1452736112,7644103869,
gbrF2fg8Q5LnGYPUtnuvrP,Address,7vdq2PR2fJgZL2hCB5tszuc6M7SpQKLNtcPMQg89D9hQ,2923204206,6406008029,
aWjg2qryGMeo7S5WsCHrm7,Address,Daq6QyjbooXfU4GB5Mhg1cPEG9yjb6ejRLDiupuvEC9k,223374105,7903205346,
J9ChfpZbmdrKU3ac4jQkWH,Address,E26VnLb5EPa5UWEuTaVv5kU7jzZQ38dXXKU2WonmFLCJ,2977582586,6426048041,
hnQuhydyQ7YTcqA2m8XfVK,Address,4gMUwKkXy5rKYzdtcETxXWCgAhurihQdmL3fErYHqaeA,1733828387788005376,735983471,
iDxCbE2h9TYYx2bBHsojzQ,Address,2C85dm4UxwMKkFaSag3pvxAzVvBp4CqAVcJ5uz5dehWy,1517807691972104194,7306649767,
ebsmhyuCX2pN3V5JgoRQsG,Address,An7kwsNwruFK1xz2ekSBYiTk9Dqzs7SVJFoVdoRUNqS2,2510521503,8190304343,
vyVBgWnZEWgVQ6Vi2SJdbW,Address,8gDY67hLen8RkBGTaM3awKAUXrdmRQ3FuUCWrChTomeX,544373224,7005666790,
Dfe7ZCDaJ5u92o4h9MQeh8,Address,4X1BkFZRcLNfgezmTuwcFfzZdNNQQkfzjKuAxgcRk5sq,128194806,7693342243,
YWPzoRe5JdoAhJ5zRLtuJc,Address,58qd51cakeN6FTvn3nj3ukuwPttfbjEkrJ7vdBUt3Byw,180097877,6830409658,
ouxc3aaKgFyDkjxJF5LqS7,Address,FSGgXqzZT6AHBKmzXforq834GEH4tNbY7gHdkbg4pXTY,2158960961,5661773928,
7z8K6wypDgXsCPL8wjdfT6,Address,4cr7hMoV52NRwoRUguaXN6qLfkmnHCLYYQem7S8qDgpW,1242062497,6528044417,
u9tzYnPennESnq6nGwd6xJ,Address,4SZHRw2yHtyBn42A259cQUgzvkvnuufagUVjwXDK2i4b,1279447058,7754994520,
PHz8VzLeCka9pCXKyoNifS,Address,GNNyDkqY56hJRNbNjA5uEu48jkZmYCNBgvF7RotrBDVA,1723051680261087232,1659966180,
GV7q2nB4taKQM3a5NHkttT,Address,Ct8b7Vfe6HWTH8H5gxpCMPGVRvBZaZSFwv7eTGYfEpB9,322720367,7561983135,
EuxX7mwzJ9FLLwzhDUpmqc,Address,Bkw6SqH5U88Y8qPNik2L4VoRnK1kqMmU1fARjaqsFGgW,392750000,7956845789,
Eyjn8m8ivxp56PrdgvZ8TD,Address,FembATEegPxVGiq91R6mBcY1itqp9GJa66L8wwvmJHjx,1342523617,7861385128,
5ufjCasz5xrtAC8q8KzGkR,Address,DCDZBmvsdkfa7ikJi8pkuxWL36AAaT59R7RNXx9giPvt,2663804898,8172627096,
kUqdrLZTsXSvbENiuvCSsg,Address,58srNWxLbzjKVZroW6bzMGPkyPAP8R9wuB3rXYCSUFGG,294241206,6803829024,
zmfCMWmD2i7JzKfpuFnibQ,Address,nJTqafuwCrmBDXMRTrGvmY1NcTKHcZ6BhWE14D55rnW,959714012,7358225406,
EuzAi7iktTBL3QMZDw47qY,Address,4VPLT473j7C38tXnE7gLkKQeUmZeBKSj1dWj6aW7RmbM,1337031368,7957494797,
HUeBbK2etqaExJXGfzM9fC,Address,8PTiTyyDfzCG7A3n3QZGi2cT5Sd4NoTLrEBfdMukaVUh,2838441804,7560384799,
WoHnoZPteiUzfKDqJT8XWA,Address,CTLupoXD8ng3Mn6UCsYzgmeMWgGS5h5hkEiqjYaM8EHx,2364694051,7275658637,
d6uWDp5RGrQXFUAZdADABX,Address,36vQy5MoQt4gbyvQz5X1iQne2zi9xqMu6yC4WAZykSDa,1388098262,8104787604,
WnsiyvYpsLBwV2QCJYsfjB,Address,DoNFWAyHUu24mp5bzY5jkSavCSTP53A3KYQwkPW8Lx2r,331745595,7716127723,
YvveFmQX4XoeugBWpGNPZd,Address,4qAzWA3JHs17GqaXWgnbdz8d3dUqe2ULVR7WufzZYSja,1635805341832327168,6177433846,
L6yFNrJ5Noh42NGoTrKz2j,Address,6f8QE2qZDeLdr4jFS5zU4ZHLj6Hh97NQHzuD1RfLW7UW,729060144,7060787105,
vkPea3ToBWvELYPKhUdJv,Address,Dg7rhUj7WgbcrwP3ym3UE578BQ66W45qe3nADRieC9k6,1411262364,6262794744,
B5ukRn6ZKu2ricd2nunuJc,Address,2jJfiS6uaRF61MHK9T2byDatyji34TgU7N3N9CWFwMJs,1231810009,7820779281,
DJCezcSeMPKxa84xTK8Q9R,Address,4YqwRMREUEAEvfiHYobhH3sccKYhpzyee66N2F4q85Ab,1025216804,7617204135,
zNms2yJQtoxHoKa27L8MPn,Address,G2E59NCLj5KK3XinGKDZt5ZDZ57acLEyTvKXi8bdAkHp,1328197200,7541223020,
UiJmC6bnFkhEQKALCMaKpf,Address,3Ckji62aSydfjTKx2YA1v9pt2214Vrqb3s5yQ4UvtpWj,2218736114,7784947129,
3CM4xREHXJWuQ84yjVPZw8,Address,B8AK3ZJ5RQteyzseeBJ6oEmhE48TPB8yRvN1VPD5j6Rh,168627806,7697348454,
XLZytSmX5mbLndk84fcmE5,Address,GdKT1HAjyq8ZBTLkv15WZxsGTRzLx6APrnZSFaDxRYRH,2445094497,6577688199,
mBLCn7PVqnP6d7oWmok2dK,Address,3ic4Y5e4Q31eirzjrp9DyzRtPjeMQ28FZoJqGn4Q2KtW,581967322,7175846291,
BFSNLTSjfvYodrhBGfq9GP,Address,7gkLXcaQ9kZj1cd74MNMnrm1DgfxwnWMJgN6ngtxRjwo,607844489,7092842871,
bZ5ThFgiZ6CNYimt6uFtS9,Address,3WLw9zVqmJe3V3CioxmjSjJEtZiETXmFMjmthq6jU3sc,838499203,6360862098,
wnHsVK5PfNS3LFH8Es3ptg,Address,8GmJAQcBLyr59yyPnbmrrcAVSqeTZURYMG6D33ppJwL4,262145310,7971824840,
jKfLqQtsEF7MBsR8Qd8BzB,Address,9vxz5KuVcDAfsXKhYnckzYCuo9LkNvWYNQUuJyaFJK5M,760072743064702976,7700840643,
LhjmEHSdU5hT2rKkCgJwEL,Address,6LtmUXwRCMJnmov1QciHhBj5ecbJfDG6q9ws9ta14oH9,29382671,6831997344,
WAebToyJcvYFt43K4etQ3J,Address,66nrFocvt1t3yedwr9hgxQvFJHC7a36qWUpMsqALhMZh,184959828,7828232340,
aps7Lhv9JcVALJAzvBktCg,Address,3zfj8NyXVBqBmn1eb4Xw9Gw3SranwF6JqabnA1Tx1iHj,1021119157,6845625528,
i7CADMwJkaKGoZodLtFTX5,Address,Dp9Tk8h8aTr1Tk3eNwYwL9RAPshwyM8J7628PUHwZ7rv,985352671,6745639592,
ihrn85jY6N7ziPqRa4N7nF,Address,5Rk9i15e4Yo7udTE58dYPKgne7SFokj4JH2pvBqeZ3Bm,217756310,7697037240,
sLAS3FPDRpyE6hytNoQ6K9,Address,5uTDmxiszxbsAhxfpYPLMsJc14LqbjL2Fbe6LYFYEPQp,430908147,6806632402,
6AZJQ2MaDipZyx4C8w8LcT,Address,AGA3k2aRUPRWmsGRg7yNht6k8nuosXuhBjCo1jCw3u95,441840664,7216374073,
ugbEPa73GH9xrXfqGaFWhC,Address,CsqaqFqWML2sDJupn4nwu537bZA7sexV1WUZPvXGemab,1920513345939177472,35708064,
vnPPZn4PqVvqNDdxgrPEuU,Address,EZF4tiwSrxaSj7VgqbVvNawzvc1QkGLu2gjhsLEWBe6v,2646901073,8106669314,
nV642ga69bcqxCEV9SeS55,Address,9JQu9av91X3wNX5f4tCoZsLnVNnX4D7d6XND8hCPnvQG,1482993049340944384,1085793880,
K6F9qU73rfnS8AEkarpiE8,Address,G1SQLbJz9QhGV4bz1bbUkZBgbvEwavV3B2DujcVNsUbS,1240463685107085312,7462772816,
HqVG5scS39k7j8VYio3KT9,Address,9eFBFXndwshB9r1sS3K45MvUD2gVVYveaorDsgCzXZLr,88443447,6935811647,
uR44YJF4sfGMJozLZYFWUT,Address,7Z3iLm4vk8YQysPpj6TkbULAqGabLABixHYTAKLp8okx,2918859626,6760111337,
Wwz4MyFi7kY5tbajbsZTbD,Address,8S4EUTr5kwVXzURLLJNFH61jw2mNCuAj1PevNujrJVHP,750513618,7557737267,
vrHfCFDSkUtk2xXwku4F3k,Address,Ax9Wq4RfbVsgiKjjL4e74ybxD8utyNbM9SKVFaG4qdn5,989793791719555073,7599366449,
aiVoeopNS4pghHgDHGZFSc,Address,G7A1PB3kW5b1QEHBAfahiNHfceexnswcH6TS1qfbytJu,632934494,6354863408,
z8yHw9YnyyrrsRDH3oVpyc,Address,HBH4rDRot6WXTznxgmWUAN2aAoNpK1fJ9cRcUzPVJQAF,1586649915161444352,7305911363,
ZYRqMAg87wuskmAhUn8Moe,Address,FkHsELNY1GjL6wKECJb7hRXKwrd2WVJvd3MV32K5fdVb,946730483169325057,6910430581,
HTygpEKDPoZ4GrUz5g5R3B,Address,GwQEy7P5i9johB6zkUuc3r2qxwJVgCYRBxheJy6KDH4f,1037193952095547393,8031815299,
WCJZizNAfH8qNbMpHE867n,Address,HwivAE947kZr84gQgyWybw3QHmzuDfHckuHzQvMy7Q7A,531677716,7682464631,
fnQqxvo59CbmqnRyMhfnrd,Address,Dtq4UoHQjwNb26rS1ZzvXjfAzUKG3kXeiiFUBkAAVLKp,383793042,6566305379,
6rcKKDQVZRDFpYEaBL6SxE,Address,BYXHgoq4uy7qiUPGBgUX4xv8rL9vakBcC8XqVjcJknuJ,499155381,6648054203,
cz2QVgsNfUeeSpSG7FCkCa,Address,DTp4kxcR6UFwjTcgup8LZuHv3PNCMtTFpQTnHGira9LF,883104889060167680,7994427883,
VZMGALfwjkppJNgBgfTGy9,Address,65ySLm7nEQ192aZkcmgMV56ALQDeo778Fb5qP4cQyA56,821377086,7674929769,
7DQGBo7jBPau8CYABE7JxC,Address,5DVXRB7Sor7V4i45NV1afBqJLcHUypHBuf6Jzup9yUpT,602259701,8095034080,
qhyqbX7yiikKZpBLqShfQA,Address,J7vM4nx5D397nsbmjQDpUYn27WpgVznL1VLDEMfKR1H9,854429587,7571739400,
kZR7SLJwdfWzsFX9Xe4VdC,Address,De7WFKAYKCNmyV83LpQxvyt3W6A2FfqufJ7bjPpXBQRd,308792404,7184424088,
aaKyHJhVxvotEuBax73Y34,Address,kBoLPhpzW5x2iztFEt6G27iWzCTtvSEQYDHsD69bugN,1815931258331086848,7157069944,
j75DTqQGQnp9afHD5SacY6,Address,EE9n7j9vpDYr46aCEHRzJvEdrVM8fPMSDGp1Pm5AuSXh,2288577657,6620764568,
gZJcjFSGbUumm9uqvWDz7G,Address,SLnjEsHVQaUi6NhZmqHHBBVWfh4QYv964VXT9iqnVV7,876930530,8158993997,
VvphKwaZenya2VcnyS2p3e,Address,HoajnPj3WbT3AoP2WHSEqFv9rQJVTR6PRaDT3HLMeDP3,603492467,7679538099,
Vbj5g235VdrURpjAe3hDMC,Address,EPYfqs7XMDUEve97D6Wh7m4fPm3N7tRRPPcr1tT7ypD3,1798593000693805056,759853270,
xn5YSmPETaM9Z7rkvbg28R,Address,92buQQ8xZE9LH2tfCue6ojq2KgteXh5qa2xq6FEdQmBp,766133252,6838054524,
h9ffvLriYZLD8HACtu2ikF,Address,7BXy638W6RL24Z7LGgiYn7fTGebU5qnpHWH89D4ZdMe1,1651764707337043973,7698700548,
ZPxwqeXPdWqe3B9wn4LLx3,Address,FjyJGCY3Ax9kRWEsChW6rNFffZYsT2JgKib63VRsKuWh,795885583654498304,6909173393,
wqG9LFGSEFf6QMjWoaDGVU,Address,HMSzvPEDTAbvrW5RZXtoUY6xri6kHiHFyKAu4NnvMz9c,2233457561,6819194361,
ZhZS95PRKGYLALWiSiogda,Address,2THdnLYkovwV1FTRjHCfCpEm1Bnmzk73PQCh1BRtPXpy,1281477540,7929011573,
oHpEbTgMeJ8iggPBigDxfG,Address,7rxhNQ2ZDLHX4qBRcMSRR5RBuh5NwwBdMucBPWYeJrVz,898953828032290816,6971791426,
2H8LB55dnXgHENNMUVVmoY,Address,EqN3wF47s6DG6CTSY88tUeASRtHq8ynrqkBM2RzdAaC,2165691949,6780709519,
s3FfGTcUo2rbaWGMqpcsnn,Address,FAEknqHvCVdBchhAv1teRyDVeauVgorFSk4PSZf2uHmK,2424477894,6567787994,
5gSDjn74RTRyhVNbftAaED,Address,36Xsub5vgZmRJTpJwjJFaBvgxmUrmumopoASubudZDBs,1651733671072907264,6453344437,
SvpcRC3TbrV9kc7TxFqvPd,Address,coodvJJZmkQfLeb4YfzpLKxRpqputz8KMq1qVnSSoes,1654339628,7601904789,
cXcvXoTrFTfYny54gKLCNo,Address,Fg3Ha4HhW5RVf4ECGgo2q7NW5tZwQdEHiywHL8JpdFRv,954217478,7819461904,
hqLZsFQzzXhc2fzCXZwzKZ,Address,6v3Dz1RafLmEgTmz11D1vQ96X1hsshyhC8cvrFhcHj7E,610083018,7360383502,
6PgAnM9ZvFsj9ReKRhimKg,Address,HUsRPVVo5AMgttAWmxqgFCN2Skh57W9aNFzr9Y6q5j4Q,1021000106,7591325457,
o6CjmbMdHHVfTXqekYCn5H,Address,3Ce5JhiZgiG1t7jfYRDeYh6FHKQ4fCJnDDAQWqaYJqss,2597138090,6852341601,
Fyud7CJBxFJaSgopQ6dAZ8,Address,39PQM2fkWDQ8TJwYqXAb5WPRfhHq312rP8XR4eGSkxbY,2193004799,7831675770,
qFEqTMv23EPuknTHmDKmYG,Address,3ceRd9QNkrbkmfqbHk9DoXaAa783DvdLvqFYTULKEpnS,531587870,6988708799,
tX4sGWhhKh3hFcH9tuxpS6,Address,7oDZinkbHeXqaWSPgMqq6hhiQZQgBkvHzBp48x25ZRpX,1048945520,7213485316,
kjWaRMyv54N9vSgWfPNpmj,Address,EQhwhth2xfz1KaoE8Sdj6pGrk6VgQGMg6UouCgzdtm86,213224175,7508867596,
2fQfYGfj7RaLNVc5z8BYfP,Address,58VK75T4Fxc7pD6KRb2Rsd5gupd6fugYhMCwVnvDTjrX,2427599870,7309200448,
VrwPNJpvVXtgLRPbBjYPFK,Address,XGf1Nai7kFztphTKA8ELNffpVjqaELDNcLk442t7GeV,2875792010,7136458898,
tq4GzvXWzonGiosfrUJLVS,Address,A28KAJymApndyNMNmkyCrR3fNP5hqMzMoUef7JVnBbvd,464274837,7482854566,
54MaDYEBsAxYTDiXssQnEe,Address,6nLoTnMaScz3PP8CKv8BjPvj6kJDVRma1eeQ4Ef3NqnN,417391011,5857838295,
4XhZPPEKhTSBbKNTbkzPp8,Address,78QZFke9D1ma4KEZEZdc5GJhQwEMSSyjgfQCEH11RpHv,496395036,6626372835,
TRKcE6yTSbvqGpZeQsTwDh,Address,59Hejxak63s9y45S3tFJRDwR8nMk4mGQjeyZ1dQktSjD,3849234922,8068464266,
avPq4mifr38GqGqu7Qd4qR,Address,3txuqBmnTo2i9VHap9a787n5suGLcnRN3jqUt77TrRq1,549406568,6970960560,
yA3sBcFDx5KHwh2re6866X,Address,7BEEV4SbPrH4LjaQyoQnUcosJbbHcxctujwceDUT5jMR,2575008728,6551722988,
qBaecA2QYQufDNeM4dmPAH,Address,Gx84ftnfseuTkTnV28xGkXkCBbF6XzwDUxuMA69g71Zv,140627277,7360501363,
3KJkZTnSHL9V4LfuzrGT5,Address,2ykL6j52cCbytLjVLbqssepLeJoWL23XWWDGHjuatDw4,1437321648,6430010734,
KBDTeurvXhuozu843AoDdf,Address,FS5MjrvbyAKvprGM3meLhjUJh5nuW229vM1FNv9FHz6A,421550344,7760802454,
r8S4oj6TMoZjxCTZjoEv8B,Address,3yC9fPeXwYGJoTrtfgvYpNua7F3EF8chhR9xCLziGobh,2840784926,7552971753,
AsmgGT9AmNNGAsWsG5dVs6,Address,2ta83Ai4uuroEQbCmYoFJnAYmKGLh8aMxQN9fb34K7k8,1103987418,7146200031,
7uadE7SC3SR4PGZs6zjk5X,Address,J2esh6KrF2tVbGmVPj8HhVGZBFgFNpqdtna4f1fjjU9b,2322289847,7093806129,
LZURJZrBsyw477TjeVt7hh,Address,ECsXycqiDjVfy3e47Xj43ez45h1ywR5qLKJJjUUkWmyi,561249921,6739690711,
nnXZLWk6v99EbUcf3WPhYn,Address,4RHDfKVdj2ad7Q6tqJxWrGf42wF3LQqNn89tMWiVxvhk,308507167,7498491495,
2TgUxvGfrLjava3CFAXHdK,Address,Ff2jLPc2rtDXo3vM8kiDkt1vZ4MHd8HE3AwMKzTqLQxD,624150950,8085684484,
QAysghdrfL3teqEPW5wzxA,Address,53CXUsoWiNouVMhpSaVms7KUgjhH55pwYvqcKYFpcUfP,781917310831517697,6376921740,
p728sJLdEChUVrMwzbergZ,Address,FunX9HkooKgdEBX8b7ntNpwXNLafPbRCQmy7AtjPxUku,2414784936,6410392715,
jpfJq7csGerUhcyBGNZMS5,Address,5yEGjDLccTJUVpHpXG15zGi86oKLbhhunK87sG1zLJCT,563894928,7838444481,
APrZHKjhWAcLYvsuYtBtu9,Address,58Q9vwL6WPvsQ5nzUV6EHYz2TjA3LbmnnBHPSXXuZg7P,278890535,6581210904,
cBUUrmQroPer2qE9QpSq5Y,Address,FraiZEELav3GP5TbVK8xPa8zYpDh8NKMvJ1PMJ2RXnL4,2749704321,6511449053,
wesACdwFERr4HbewW3PUNh,Address,2ymL2DGdyyJGgjYnZ6CDmPa7s6RZex4txW1KCMNaHJU8,133107884,7970357396,
SQLApA56NTLwR5xWeDKQFm,Address,BDsV2F1qUHqfJKpeGF1ZkwjmhmYeW47Me2K8SyRnQQwJ,1205348766,6540240862,
Pq7qAsrtsZtGexaDPN2xQW,Address,6xCfq8DUGoY9Agm1WvVrKvSNn5rxd9f8APDcrscMV4Gr,776332754,7671764683,
qQCWNbUNquma9QFRaodXti,Address,qs3bXh24L1tkUFdWYAfZnAA2DK1R9ahvDZC85fRMwzg,1004003191,7746436859,
qVRPgcRvUMa7S3TbRNArjC,Address,3uJKv5GwdJz7V9L6tXPHg8Lguuw8rpfwNLfyLF6imbNH,632185802,6313899926,
qz8MeUN7XE6R2WuQsxJufj,Address,J1yqtMWUUyg4fZ2tbGpCWiYNRrDFkVLznA6adAm6nFS7,65866686,7343370318,
4Zhjw4PHz8RX5e2HpcEa2f,Address,4fqSSiZ1bi8GN4AKZnBBJSSu3aefdW3hgJU7czRRvAsk,860807282,7777912659,
my9jBFY83CzMbDPFQEm8Rf,Address,A9eny6sSvoRYg9cHgJjffJ4QHR9x2omEGzNyW2Psj7Xd,190848042,7388004262,
q7JQWBJrQvkZZzXNmkgA23,Address,C2CjYz9EcJPqEQeQnp1L5UbsFoebGHEA6MEdvfuJ5fjF,2920881342,7949523367,
rnjJ5fdsrGKHGoWePQg4be,Address,5G6p4o76CXNxrhmsPaua2C5CZqJYos9vQrAr8Lh47hPs,1852241886842621954,1133412697,
BkXsBQapqNb58m32PhCzsY,Address,87u8ZbV6G8rZ8BGjNDZHfbDjmEG8zgxdVqtA3xLa7dLf,4064775795,7137368238,
2WfqRLXg68UPfxHZnmSoXZ,Address,WPcEiQevDjvk83LSLSaahG1BZxRWMLkNiaC7APZgUNk,917759587,7275484878,
PZvZ6EC87AHn2n5TxYjxeS,Address,EcvpRSDbcSWMPAFCVF9xmzY3dbFUk2banWHvj2VYTNa1,3094389079,7133610024,
ihHzHmbjoATep6fGqU9qeh,Address,9mmdx3hQAQkVggwSEVRtjkLpbLJjgmKWQwEjLM2exLnE,1651854986735923201,6639763012,
kjkQojxWDB6DGHDiTtnEtV,Address,4Pkxh8kGa1NEEQzo7N9icS4kZtcZZsJTsTgYYvLndoYS,989795455591530497,7636358061,
6mjJamWasDjyhtu2onyi6V,Address,Ck4dgo6wLPe9E8JvkYkrA1kviwCaH2GqHsaWnpzoaSde,451879158,7835765857,
bKGuN98M96fJsvsbcvY2b9,Address,84qU6YVueXMUUjPKxhfymc3YRg6eE8cn2tcdTeAxxS69,407255196,7040037624,
KrmrCKLGrbLN3XSvz4YNMd,Address,CiNpva4KRWyAK4n4dHSoD8cDuXLuFHBGjbGBPYjgk8Sa,399812390,7419551200,
eA3rcogfyEGwZQekYc8gaV,Address,HjSGNcdF2Pc17p9HCFSWxL7PhEvRt84wQzuHmMkaP1Si,727112942,7412445339,
SWGwQWzUUyjWF9b8ycTz6h,Address,Gf8JztfCRU91F7AteA5UYBQghyvYovssV53gNbykWZir,1454062724,8156905623,
47rf9Adq8XWm6s9CEDJJZS,Address,Esis27uViaKRewcE3Rtm6FRScQGbavqvXLgogosE3FxE,245986234,7853288377,
2CJjyjvugrJAxLP3faVUnY,Address,2GHBaDq3ZYMY2rgqLrNSx27DfzuCgySQjVUGSe4NxBnA,2164020053,7399588842,
MH9xJrcxHLDwwdAuSQgDNM,Address,DVtSnHQyDcqaVLpqmWmfz9j1Zn5nfWnXnmFqnpTKFSe,1474285622378463238,7347606021,
E7TyPv5BWt3Eh2eBdh4LY7,Address,2yCBd1Uc4cb3y7oQshn31BMnu6MUoadkgDoZk9kgyQEm,4818471976,6954741811,
X2vtwAX7mQ6fFdy9zBYvsY,Address,9hbMRH4FnfAA1pXP5LuvBUvFGKnkJSCMmeiShocGRBYy,1302488954,7257589735,
Go4EYB5nZd23BYFRZFemyH,Address,2fv8us3jtdHsvkgrztNDdYWWfhxfeyDsVbdNMsrEZkMf,351913405,7428892254,
iaqaoRE69Sk84qkpuKpNu9,Address,7xjtn5LWxBhxCCLugdjGroMX4nBjBbQWWGxHqkApwCFd,2356836121,6422937386,
oV7qRtspiX52Qe897JtgDN,Address,4vnM9ab5CUTTzy8o2FFL34dX33xmMH17bqQqso8tviA3,553513256,6541305949,
tLUyYj3dtbQendh6CmaQW4,Address,EPunMfnWQmeFsoCCRKWQYeBrFu3ktrMA97fWgCXkjbyz,1696112010,6369832785,
Uw55svNPSMtgeNsmPSXsEZ,Address,Cg2BMXeiva3ap2dHbmneCfoN1TyHRWYteCLts55zDCfp,1032796657,7481703763,
TwqGceEorsR88XUbEP5qbe,Address,Av3oyhtFmfHFjYzP39UxEVHJ18CFo1eKQWao5JZAvTmY,3197468683,6605233099,
EarnmcShqKy6t2oDFnKm2C,Address,AnSSwUJz4u75pJbrf7kFxpUqaMu9X77vQ4NL2zAAzvV9,1576098668,6901202648,
J5JevUdDQeJWD7bhFQFXjB,Address,51zkiL9our3VuYgJq5NGWvmxSkR8WjYJntCZLCgtoDEi,71497254,7995449710,
qbPDH9NTEvHov2FDnFXnbN,Address,BXqPyLeqLMC3oZVakdHUqnsGnkcgGUGigjcC8FotrTwq,522191869,6028971574,
MdRWgDfoSYV8iEnZPNxPNf,Address,6XEYUP7CghvCQJ7cJCjA8UUApZ3acHEXdcPmsAfes91t,1524330937,6400887085,
WPT5Dh67eLyZ4DGcsDXMbd,Address,BGWNvGgCSRSZQN1bj3JVReen1oM9B3tF9TBG1FHG99k,366313946,6708416309,
CHSLEdo3VqDr85uXAhddFn,Address,cBFUUsSqCqftz4q3FTQ6fEU5YghcWmniQ6dAzGZ4eKd,2787897678,8013204046,
VzsHBNNXG5AvHSzZ2RenHU,Address,5RdJKa8ow6QSgnNPpVaAnhjiDDnt9mPLYjoMmMo655JS,111082427,7233199306,
jffWWL5RAHjq5HLkudxvwM,Address,4hfdPs6nK1UnmcSHQjJe6xFbXVqzz2enLKsaKZkaoDWa,326765252,7828421595,
8tjNd7d7prHPLTTRf39ckT,Address,DhSyPpSmnzmvEUACFNf3uMzaRSzD1KSVJmwbB5sBAKed,468165923,7091034994,
MjQHVWo2tC8fAhDqRw84mb,Address,EZVwk96xqJcuUJhervtDhUF1LJrhqS8i4SPuwBEWvRC4,937298432,6297125492,
YNMZftyD58kw53g7taQ5oT,Address,BsJsPwt4rNRBfPZjZ2jKqw9QTXQPor1WMT2c8VQhe2Js,44249710,7421740559,
Q8SCj6b9MRjhgBxLfsm8NU,Address,5fmKvMqjZoKyKQ3PMj5fyQ6BT11evS1E7C4caCCYYguD,1651751172808802304,7698370835,
tnDXGEuW95ymKXanGYZgRc,Address,E8M1ArfxCWefA613YciSb53MvMuFLCtmV7yJTb7f7qdq,612567637,7267957015,
dethbj5FHBrLKqdjbVgXx8,Address,bXNZjgEsnreZEHuJaGCNbLUCgSzTSazjWF4K3zSoNDr,295832574,6770277901,
aTHjVcEx7xfwd9HxdPpP2k,Address,5x43ciZQ8gYDsRAkxYHr3TqeHwbd9V53wKN5AuxcxDwZ,1629550232,6426141009,
nP9EaT2nsh7JKJ4Mmrff8M,Address,A9YothwWLk8D7GgYx4KD5ir6FFnw7gsksYAT38JFpZS2,1148806736,7241837845,
7isLcnT5mZvgEF2usHRadg,Address,APpnYb2HWUo5YVfeM6xcr2cByj6XyXUVDNhBGBGst3HQ,860225094374895620,6729426042,
2EMM4EfaRwehpFfn6DwddH,Address,6cd8nKhfd3tEnUnCpXxYBWhhb533AziKc8Cb2EGbvEWL,49437690,8116947656,
Suj857sAFJi6AqchcbNSZk,Address,Ee5g5PNoi587VMBZ3C1tEbQsHn67pD7uYk8wPNjgTkta,1694468341,6465315449,
fDjzepRKHRxLUkHHinVBt5,Address,GGH7UMg3P1jRNkuv4bRQvxvwqiovrRQuerKk1JXKeeCE,919530706459611136,6177884587,
9E5Xb5Dfyaus35YPbNRDX4,Address,5MJkZ6rDyrWZdh59JmXiMFuVdfu6mZCHKND72ybztLpT,186252691,6810459872,
z6QbPJ6UDCq9uBZ68FpBMN,Address,Btf13sa2N4XRPP8Ex7g1eFsS6REjoevqvLyc5s5GfYLD,1325736912,6983907530,
txDVic6Mh9w55B4LLqg9F8,Address,GXgoxfsWFVkcfC4Ai2HuxkF1GN7MVfrdgmZUXERbgZUk,3983929341,8180562252,
dud3xnn5AEqrSab7gqy528,Address,53bgeEGFS7fVJHyUoWRzKVs5JNrpPEFLbzPvDrhG5Eyt,1858500973,7744201423,
DQNoS5Ve8kbijQ3VkWzfGQ,Address,CX3muaRXkb7eSmJDhPa65SxPbHneayj2krZqSFGNxjej,2716342898,7289831961,
6JVu8ThLpM7xLQBxLnkRoj,Address,H7YcNCbh6jYYnPbgZGS7Q2csvKQQu4JxPJJ8jZJvgKF7,766297468397060096,7550950576,
D3Jp3QUYVdpQXmK942j3fV,Address,AtCmB2iY7VyGgcALqTLXgdyafpN8t52pZxtawekaE7LP,181318070,7597653935,
YzVzHWPsWBui9FtjZZV6ca,Address,2awhGZmgwd3oGxx6xfBrjXmJbNQLjERukyVsmkfzQHQq,573562655,7543916628,
Berbhdv9rSP8HVjdqGeVVL,Address,4cQnqNJbV6Hod1jkjy1P5QuaLaiEFK1tWdzWTRWABJkW,1483283335,6933769657,
s43dJX9VHRsv6cTdTMxwQg,Address,DRwDRmxhZx61UXo7xwARnUnjEjdEN9VADVvKLKHcTBx9,2427613908,8490780534,
4QCr8CbQu5g5SuLZeR9HQT,Address,2KLSeKxgYDSfYHCLRWVdMiKXies8x2A1FGqrYePbm2yd,191686517,7830812145,
kPHf3SWoVpz4DCHeTJynw6,Address,DEruaymRn17Ben1pUS6w7wzv8nKmQHC9cdg2jWSmBaEc,767227175233810432,8046799705,
b6YsyMLnRnjKZBVg7mi659,Address,ASr7USWypo7TWH16UQ6TYmBjVz3SeG665bwJjLp4G145,2535565944,7769743670,
666T6iuiiLswAyFGA7xkQe,Address,3JterpFonqannRpam2jeJgMhkQDmWmGbX5AjqDW69G4u,2812124546,6643573164,
A9mJaGgjtpZKU3x9Z2r863,Address,Dv7YXgMGmQPrGJMnW5ikBYRU3V9Qqi2pYSyBgDVoUUfL,2553009740,7350946948,
cuf8xDhA6t76h3zDyCam4Q,Address,5pHnBGvVYZSxUvxL4E9oJuyCA4wTjCXa6j7Z1pggJHFh,1245897360,8112535346,
BZFSNKiMui9hbjEs24YWwF,Address,BLnnhj3ZUu1qZCnWrJByP1gQaNrP1JJ8LLKstaNwDKrR,1281047498,7726897007,
FNyyTZVBMYf6n8bJH3KN9G,Address,6vBoDWqenNXdBZjyAS1ZUocHiYmTwsXYi1A4u58gd6PF,517191991,8149909016,
FcLbyjjFqJ8oJEscZMtc2f,Address,Au6ycbf1APfb9bQDBfCFp4aE7bUFHRoe9NAyjdmWbRbh,994856208,7750477467,
LJTbtwx7TEXkeL5JbR6XLa,Address,FRkYgXndtmtndeaVCNncgoK72AsZShrbtTucBCK7ktj3,634957087,8047354741,
kBhjE56YXKR456t4kHkCPf,Address,4Mit77w2Xy697M5yvBCSDQkWU7CBGAV8t94E2HWcf2Pf,1519529388,7335668834,
3cb3yHtf23MSamKzma9cZj,Address,HCYhLgBqeNftCbWNM9tGrd59WRrLb87ZwfJ6orSggLdF,859537114567933952,7611072158,
ow6GL4AWgdtcakfJ5Tu2A9,Address,4jpGG1HhvTNNSYu6Ke671G1g8ueVsMiogAqazmACpict,618056339,7364280277,
X9bbs2khXCDetasgYrjEDk,Address,HQLYZYocCjDe5G7HhREk5Ag5ofx3wGicbRgQFEdYBim6,762435708,7738796785,
tt2MXRzTWxztuJoW2RALEj,Address,Ec86En6yNFwLZFPTw5CMRZQfhLUTB4dwyuhK5dqCFGDk,760443175,7370945608,
RWWysXoCN3qYdM3haD49Ld,Address,HsZbsWaSc4fhonVkmCgs35DU3v6vt6Eo2Hf9vNLb8XJP,820383727,7875646488,
ngLGEgQ339iJ75utxjBCgE,Address,DyT9qGwtUJqSoAAx3EWaJoDjLfGZ87XTiAxiBwYkSCQu,1131775945,6831296117,
cU9WeZuncG6XK3oXb9vHcE,Address,BsnxJgaw5gcbjkW4B5u2SUNXR32PovmxiNKf1E6nKFme,2411904776,6879931376,
mvd9ugztWugwieF3uiRYxY,Address,8TswtQmFTZhemJyU2pJG7kZkrUrwVAXjcQAeni41Tutd,2174160528,6531657321,
nxggu9obakH2DtbrZo8q3X,Address,HqLFe1Krapevty3DYdXf4CnU5xyRR8ySNbrtBQUG47rg,273022229,8154216252,
VDLkkaLAXD9vJAN8eGgmtN,Address,GhfMZaUtnWbrvBnyUzMGPUhK4WrdLro4m65rbujLD4R5,552751538,6716486737,
UQbnkZcV3Ghj2ck9AkRYwT,Address,6jQsRSW361rvMeAvSdv4VuRXXTdLUbLphd6KwJEw3jEH,3186946301,7629171700,
jyTZbmgTykxpE3Jp3Mv42h,Address,BZp4dwUNjj4Ct6VvDvW8LdmG9mHLzZMuyzXFFoVGeXuF,608364223,6630006287,
4AdTNcMP9MAWmJQ5PWrFDh,Address,HrgDeRWdWUFPakAyJDGTiX4n7RPipswCHA23XGYqvbLY,1609697202,7547522096,
6m8btu6pUpX6ukLLm9wWWB,Address,7WkPyDXgJdYFzG34eHt6Utdrr49TQJMbQNzR5oLZNQX5,253743657,6256999960,
x9gexkQi8MY6LbiYhXf545,Address,DyveDESCSxJkLbtxJMWJExH67VdgZJUokjDJo4ukER9Y,374673605,8110942269,
ndEinw4YWb7fyKVF2MazdH,Address,9NUaQjnj2N5Gu2UxjbL672BSTunZXVkDAmLaZYrhzkmJ,1214575790,6748104160,
NcsDaq8sBqwYhJ2Xaa2idQ,Address,JAtAwfA3RrbAw8vKesKgeipXTViRZ2L8ncaocnCEQyMH,712337628964720640,7623724075,
93uyKQLiQwK7odtBzzCGee,Address,J6cxicR9J2h3sPKXMdjcdq63SLhLoxaen6T4UuZe6S6U,1285013089,7763432438,
oySRXkAnfWDQKNcPzEfiij,Address,2EVEbdaounksUkeUozAP7vUzqF83JiC1i4CMtGGWYUKX,3225120871,6891647790,
ckfxfHPMy7DXq9SLw4eaGh,Address,GoZFQzqiwoTqZDXFLs3ibR1w71i1KQGvMMEXgtN7aWXd,914326775546699776,7634996764,
yEengnfGYBnwiRi93cmpmH,Address,D41w26DdX8rmf7sYT8zWDgJJ2M5zxdNhF6UdzAqWF1Av,2685109922,7499797638,
NxiP3Qq4YwGokQRDXTdYdf,Address,EMs6n1M1JhSbenjH1kLmRE37p8h4Ys6vYXSXvCa8WsFF,923938868776271872,6817458499,
DFUJvPsbHCkoNTaTRDBnLZ,Address,H6sekKLtztuo57wCfJwCGNgtbSYh9Jsm3JKuV8N1sHkh,194819098,7970288825,
hMXPeTS3d4fQkbuXCVCqCa,Address,3AV1SLHbhSyFWeCmrYmP3xmdymPS2177NJADeKfuKiYJ,702367009,7726755852,
NKgubScbXiWzkkdaa56QXP,Address,Bzxavz5ND53S8SnoufrV4AT5dkM6YMNeRircpKQm3gi4,1584529663681929217,6081666159,
kf2eUbbfbe3QeoEnjcp4ND,Address,DX8sGA3BqgXz3kVCybxVFD5qX3iGHd5MMxvVCt8uoqxG,994996627,7845375193,
TrMQcEddHMKTsdicip5GxG,Address,2enZgRYyRAKnCPtfXuCrByCL2RDixWHvfCs7PM92UUUt,2706502050,7328208288,
2qkkVkjyJWYL2s6GEFZvjn,Address,642rC5a3nHjXkDnhMwz9Ld1K7N53vm2xL15ZoJCDw79T,715312861111840768,6520296866,
tmXqWBA2stshkLbuVy86SQ,Address,2NHkwTFsyt4jioBLoT4KpKb4rXaNgyVER8Jtsfi8UHTH,771288607961260033,7791465541,
96txZH4JMWdNWDvhDQUz5k,Address,7mZ7We1x8NPJcEVqqptBWtR2XVhE4PreeGfErNJJwHXb,2886616121,7990815245,
UTo3SxSRLyx8qvMnsGsphN,Address,CfLeLPZwHJMGWSetofUNqNa9YDyJJuqA4T3ZawtCLjPq,903250387,6420851021,
HJEtWBw4qxXkrMPNJKR7K9,Address,6EwghppgUtRGkQGLYMSnabTbbNFn4vkHDQiViBz7Kn4S,484609624,7705309854,
7YCf7mfwL5vNRTUPP22r4a,Address,5Z1BXFKXiZ2Jt1DAaWARD49yv9YSCB7tRZSTXTjyNeZW,750181470,7716407844,
EToE76wNVNomJZHSrwjeZ,Address,25WtVDBTEbvYedEDuuvxeGDfPiL2qcWTPqJCG49bZY4Q,2256261461,6374742483,
9ikmi3oViYCf5bPjCsTdBF,Address,2CSLLCpFNSnQZJGaqEexGVWYvQHaPySkJmKpG4mCrs3H,385104713,7910980640,
ZnaTV9JBChATY8xi8JJkrj,Address,2ah6cyurSkLTeeuU6JaSYP7TXku8BeZJ1FEhj8XcvJS4,561712664,7477167073,
fcFChtmngQVvGiVFFjeMYY,Address,8CNyfCvG7jmfrbP8gUeUoRcK6NZHaJ7quiASAiU5nzw9,351164391,8191836442,
24yeonktRzRSmcvjLqymfX,Address,Gmrx6rk7zEtTWymszx4cubmTwuY5SARE55Azy5t5ZS4w,1223547330,7127082016,
peGY4JxpcQrGh7U8eJrqiL,Address,AW7MvVKpytyqkVf4FUjccxqMgKhb7NdLDbSo26PZjZ46,771313074770894848,7962515257,
oxUi2sfC4T8PgTx5GvMAMS,Address,BNDTSwQyjWAJdPughYQg86EH9DJThryWN1rT5G3FnpC7,1589793026,7353735715,
yUJvMxYcBUitxijTLytD2b,Address,Ec829sXGXeA3J2RcQAfA9ncaXdVisDFDnawNamV4txzM,1111931827,7124679525,
rvTb3eYhSqd9b8LiUk3MtT,Address,75rU3oTavFrz7hfx3mekC848Z86T9zRSp4mhmqAQEtif,2702144731,7883910075,
nTcMkPQeSrE72XHwAAGJm6,Address,6kpcELSDUWM77SazKTgd6RB2KshJPukQVC18Jb2y4QC7,1242328412590465025,6457542971,
ujYFoR2aTeYJ2Rrd6Xh2DK,Address,8YNBrbfiLpRmVaSCxPxhsmwVfA98dBKJDRa2Tq85bqKj,2585263894,8166241001,
VgiFhzm9Hn4myyrb3mXZU7,Address,4wV1z1esPS6Dxd1LgikcXsN1jfDRYiZQzdUHqBcfJJBx,935455498522054656,7833357342,
AXnhdrfCAm8sbYUSNA7CVT,Address,BoJReLGvNg54vdSfLk3p7SBAT8BwYohtqcV4W5R4cMK2,878469360960012288,7519314321,
G5NyFJxZ8PzQ8rWk2jzPo6,Address,F7beXDq71Y7AUTDbihL5cJFpuFAw8yLrdVT4ozKj2TJj,213454180,8031183296,
jR2JpS5NztWfXyu3xw3zqZ,Address,F8hAugwSVxUqmPSMgVsHStfhhSDGqVi896HZPYMeFmju,110175714,6977049704,
humNhFhRCy8hWj8UMoUUPn,Address,5pPBaR6MpBe59ePnQnv1bFohXowvmf4cfXRbLTUQDXBh,2515620428,6802725174,
svjZfYTQmM5GjG8wtWLeqB,Address,3b52AL1FmdiJBfr4Aw1ybXs1B6JWEJJCtVfLCqNiAh7q,2722612388,7748913337,
sg4mTaLgniKg2tRMT33yC,Address,3SXv9af1tMtfBAKykHRPxiY9Ac5ySdhbh1cZSxTgU4sL,380890895,6670677216,
cuwYQvqCDfHFrAsxK6t4KF,Address,BftDaK9PTmVRqCNpD2NCkgs3HNqBrb5DJvXzkgxydLkX,97917433,7693468945,
VNcdKUd9muy4TgvkKg9xKj,Address,GfC5S6jfGtGFGckiL4j56iCeARiNMigisKjzmM52qR8z,1616771011,6519128551,
Mu5SfMeHCWDzbKtEM8CH34,Address,7YCPBLc1uCR1K6wuUQmWYuJfD8bB5ea66BatSez1VsRf,702851154955341824,6333802849,
SvCZVLQsQFbrey6u3FnbS9,Address,HcaxdL5utVzgzapENJYVmEeuHievwD6ZB4JJrPNWX7Nj,868672662,7037258363,
kV5trgVeFm7vEcf5xnGd3X,Address,9ttxmRVm27K7TBHtkwocmkPphywX6svRQ2vvGdnd933M,157510513,7470721450,
5YnYoGnUoCj2EUpyR2SwzQ,Address,5966b6UXKBBPtt2fDLEZrgWZ9GuuoSqVuwMutoKbTugm,1300392614,6751376700,
EX4c6eMuE5wGrpeYJx3jwV,Address,2ebj7nSCSzqkdWdbtg5w3gxpwfecYToQRVBp93ddWweV,216583146,7275568328,
kK99q54RrexFiefVqDv7QJ,Address,HkNQbvjX5MkfeEn62UZyyDhFmsLzxNwYKJHcxkromLCN,77531516,6763796954,
p5SRGEar62nVsBpvBAkP7Z,Address,7nMMdcASgKKrC9v2BZgseqjKDqvXwXdgQNs8qNwpX4k2,1880878661815107584,8149655648,
fBGNiyydzmpJg5GhdenTiP,Address,FRQiLvZmJbEy3XvXNFwffCwPNSvP4d7wvwUQGA5joz5k,2839195826,7837511349,
JA46XB7VuMREhzSZARzkRB,Address,EhK4ueJuCFuZk1ZCFLSXf4cGtJXGDNCbwC6nYyzMQPN6,2334475508,6509210376,
GT8KejuUzTXm9MLEosNnCg,Address,AJepwgCMqJXQD6UXFq2ZHBpWgJbLYZsWbfjrYvnxnxUT,2681014968,7058523411,
7JhpiwbkdoKuH4dmioVuF4,Address,DyeETinGSXsGoyhhm4aJkiYA9TvtNQYYuFebos4VvYPc,944472734473519106,7725983409,
4ffg8Wi7hTLY9YTv6hwB9Z,Address,GXskeWtmKpZnPwAHb8LPBf47sHHW7p5ZrknTmKYSaPEQ,981261828,7762320037,
hyviTyV755ZBiyFPbK3qwL,Address,21CZedp1YB6Db8Zdz8og8LAEVFHs8aHc8dGcbATLj8BC,4268801307,6167513335,
JvyKQkuvgeAx8oTNFWcDVW,Address,GikveBn5n9KzsdLWUmc3yv34gsfgxaohovnJZsRDC7r2,1466970486,7313663239,
u6HbBq4VuGVvDz8cGiZJNd,Address,EiEqJDCceaLDtiQEBc3fhKeEfqLHFC5PksFn3oeJ4DNb,2444747150,7159544631,
Jcv8YwRp5WwoVhTQJvf4wQ,Address,9YS9AzcvqcKBXnsxWQb2sY4BvQ42da2sTXzRkL6QJk5R,57394833,6050573348,
vab44PgwfZb9ZVspN6SPn5,Address,FbuN14pbTU2NKWSt1CdYmUhL5U2j7um1ZNrRFug4wYjC,308533688,7196323649,
CQgvQG46U2SgCbMHDvdMwF,Address,2ZhxA6enaT1YxfRkqDoK6Ai1VBtayYfv4o3iEsHY4ZUB,81517289,7097392776,
dJ4ZTX6iVb4PPJeytGYfB8,Address,8VV4iMvhSt72izGB3mhgR996onv6DxpQaQ5LjhkT9EFM,924099259699523584,6804682685,
gb6fR9RxmELBLtdZ3Zv7y4,Address,3CfDgmDi7Mem8k8VLvZDgTxiC1ttMzykpeKSL3BqoDEc,411339440,6013799553,
wP2qpHHPAAUGMy9TY6dcTk,Address,GwDGpt4oDpXMMYofjtn7zujXeF8ohVDSAaiFffwjpWaJ,2835640344,7576335699,
2jfBX6NBkq7nQ9WhLTEbwS,Address,BmnaUDF6BH7d9KcRBSHJyfscyWKVijqHa41JPsiE8gWB,1043719640,6444079575,
sdNRYkeBunDQjNwCHdtKJb,Address,EixNCKtGPySwYTR5DENKAzi6RtsxV4oCJGW84aATemP7,1734049940,6700744115,
rUZtnCYNTd6RR4uwdJ7qvG,Address,Cvhg86QjDTV8ECxtzqMiYXwjp9M8kmP3fdHA8AHDJYDE,1301214932,6915962427,
P5SKkCvZ4NGxWxf4uwRTaD,Address,2WT2vR2uSt637ujFLhbTZeFGp89UVRPZLQRtWmyKkkyX,2732922199,8189186575,
wf5FroiU6D4WTgu4rVEysC,Address,CSwviABKjDF4YvpC2UJ7M7Rvpwq4AYERkP3sPT8zJnoS,1445284176513601541,1152728912,
CTVVkXFCQjEGV2p6rBiSnG,Address,3KmSYHjej6xRmDYc124xX6Lpq8Ukq9NkkNWvWWp4sCR9,221526723,7944723239,
8gbP3jcnLR8VxSp7HZkGsZ,Address,Hc8LyWKHxFPbu7kSm1pPzVUfmzKs4jSutK2a2hxtTB1d,204469767,6986521562,
3Cwzf8KtT8yZoH4WhDhSvF,Address,4UeT1PZx5VccUayj9FEmHRhdUxsFQcaSjfoAYAVhYzb4,872266608936464385,8181302632,
oe9cYewqCz7h9JNssohXmM,Address,4kc4kh87MNqoAxFWbjeJLzRY7nAMRA78A7FKt9BvGQP4,623799390,7073869304,
UrfRGtkYJjMNYtypx6d5qX,Address,CR8hD3y4JDAsFY3iM9veDWxdDiDidpotFN9wkvcSBwMq,1462010203,7365123625,
P2hSsDoojidDchqoZhCLeL,Address,HBnv2Rgx6Lt8F4KRJhPpBYWMxRWFCRGS3WoF71ZFpRWP,1249809176,7555388197,
4JMqiySMwWo5VfQkXkNEp3,Address,ETt6NKkNWdeWzjjL8vPShxr8mtBSMDjLT3Sab8thzHqk,2275958868,6984040813,
cpvKJtR7pg4jgSwhr6Z2iB,Address,CkLJLWoX22Kw25V9gAvaTPQq6zRfS1LbMSMJwa1Htr8v,256006646,7659185948,
2tvxb3pbgxz6kxwneZBRGR,Address,Cca4VaVeo1kobFwKyRM5FUza2ddrvKX7cjZ4zmhTrkZ6,2713266344,7878860303,
We9SSUYy3a7pWPiW3GeKtj,Address,6QTwr8p1XputAdka32kEDijkTW4jWspRKVdPADytRoPW,195110248,7755409886,
QYMCWEAjontJsrzoRSLzv8,Address,GPGg9NvwbxVQUT4agRLiLMQWa7HLfJWfuj8E5pEyGZd9,1824017129165004801,5181021616,
pSeAvrbBp6uTL7ZmLS6NH6,Address,FWPSBcgi37pWX6gFDwjXk1TCHDZu6aeb7nMQtcedQ7bj,3015821496,7731358635,
Uo2jg7a6zD8NjjAPfagtEH,Address,DKjcTouuStNan5PxwKcPLcxgrtLJgRnsirL1yZUVz9LB,2202308743,7502322938,
DSA7gSdf2NbQGXVPJL8MuP,Address,37CfzGCHjD4d7T7t392AdMvYu4JpEd6VvNe39RJChMVy,388273881,7673157210,
595DKaULU3dCnNSXZMLztU,Address,3BKjHCheTBEcE8opXeovKMyvpQ84jiN8A3HMJTmzgcix,2416050046,7348366700,
FgzsdtitYgWnB5btPAQMC9,Address,GunDg9dKpGCqSxmpSzZRkNRfsxM7wL3r4awT5N5trGb9,2877207167,7700104447,
sqfKsc3qrxHaDNNG2ZtHcW,Address,9rBWMywdb7cC96dS7t1LxhdPxni9bAKPAN1Td3YZg3ow,442243995,7558048563,
wB4UuwEBrn9tYFCdS5jMJK,Address,5MJtFUUKcSSEGcuvASk5iYfGfkuJC1BnPGLkp2ukTaCB,1252657440,7292132144,
LeJe2nR2c6QW7FkvLoB73N,Address,A7aXrbe38aWJ329M2nYvYCvuTzWi2mqjaehnDUmSYnrY,2251837946,6358656181,
Q5W2dENWLtwYNTyhKX6fw5,Address,CPkfXdVmcBZ5zHY3DRdRs1qgqfL4NmrbFBN3YpKYQ1yq,762071574,8052746320,
BxHx4U5JVRSEirAa24b9LR,Address,DE5UEVSNabVqPANESyXrEwqhFQTJ7ivdNE4U2bTZnWBs,1679507528,7643379882,
sxVQZdhPzfVvfPpQX2Lt6Y,Address,6pkhjcyc2x5KvKwFJyhU1xGAm3abiQq4h9eBg6TcBKvB,3146071583,6763399938,
SNLSiuuKsxLxcMGo8DPb7N,Address,A2hmjuxkkYDp6bGNh76iUK4druda9x8mmX1JM1eXuLpT,845502770,6765931001,
z8SyPH6TkhG6qwcW45Hu5g,Address,AxR6zHdWb4LJATmPEHD7f93buELcU6TSwScCTAJF7UTu,369035356,7869816848,
2ZnW6hNhgm47hQSj9sBWej,Address,7TNNgJGDerR39bwhiQydoD79nZ7dgBxCoGLvYYRYjoHk,1247607649,6087322278,
GHVRuZKLJHRYf4uokeDGHJ,Address,5bdhUvzdjugeXZ1oYAURSzHntbqcS6QFNwtWPkgas5Js,873381714856488963,7283775266,
CQZyYCdWuydATWWEeRivfD,Address,DfrWDWLGrP792d9ZcpEiwaAhDTZKHHX641cLjmGLuFT2,438131658,7717022310,
5EbFL9wuhfVfBrCqQdFTPb,Address,9iw7jQEDyBVr9SH5zphyYuFUNcJ8Pgij8TYEXxPznQkQ,1251674509,7586457527,
8jZyHb5tviVF5L9VtVtNnU,Address,CpmK4z8cbpATvmorbwT54RrwvnthfwoHzbJgLUvEGEih,4085566455,6538446378,
Zw9P8LWXSwsfUtmRkScNzK,Address,86KH4budSHd1TULgAe9zrokebvd7P9F2g5LdLZREhDDp,727293540,6185835527,
mdNmodHp974HNdhXyBgHG7,Address,Hst6vhcJrWKFgss72dtwKgZNav8Nh8zeiC1Zi8U4tW42,1458299168,7671370810,
43HZovuqdxms8iHLFBqSVP,Address,FninYTabY5uy4RtJKEQJhjAw3duxxVZNpi8r26XuNULs,428139362,6956464813,
FiQJJZnnNYv3WGvkDrHKXB,Address,7nQMDyHjvrp19r4fGk2goQDzqRCYg56V4fEF5Kk1T4Em,809812069,5953613060,
m6ruwc2FysKHberSZEEQhT,Address,pYit23QGiFfS78wCK29mkVB4NiQUMifaprDA8W78kGS,2715691504,822148817,
g2Fma8tDwMrB6kBoJcM7yU,Address,AU6rTvyiAqtbTYBrjQYGGzTH3gsgnuWtQRMktGgJLbRA,913494973055631360,7063913698,
ccSy3HPUeSQYU4qtYctPB,Address,CgNjr4GJXFrs1eo6MVbmuQ9Qr5gvBAXegRpUnthv9sdc,1055824722,7788377571,
XCQegrVzxCG5EQwdNTq3J8,Address,CvXg5AVvwnT8tsCabqBLA8jovJxaqA4dXiPHGpULpY3U,574628954,6543257711,
EgUE5Zug4QRN2jZdejyr95,Address,AdjJn1EaqwcpqXW92mWrDinekpC9fomKg5UMU8Tqw3J8,916092704,6794265065,
Jsbvy54JXZ3gZTvJF3aPyb,Address,FE4qyifCXzGReRic9XwAQWwGWPu21Z8MYhw4iGPi5Pvm,2515727513,7900984696,
CHUGE2DF5eMShVTe6UQyXR,Address,5pKUu81ZPVtz33yDvtiFWr1SeDRKKRTxmGpsUjEYCnps,600450062,7261072420,
Vx9F465t6ZS3SsADFzdNfn,Address,CePk6FExuc9SaM71ZAdA3bAyDXpoPLZtJxBHAjJDJPWK,2427596130,8473605678,
WKCDC9G8AVWLwZzyPGp2K,Address,G5kVJDLWzzqzNEwHu7eu13WxYecrvKgoTdwzyiYNm2fP,180838160,7924256660,
fTRPwAyCQFq7xQVeM2HEdT,Address,2oVoQD4AxhFmtQzYA7H19zqSR6BMrRB14y5kEvvnRGG4,1055931318,7692331828,
Jx9CPDkana5i4KDyZrQ4V4,Address,9VNW5cKLcweoaQeRnZgDjRgNEnEsUCG7DTbjL6ZKh9Ww,35402718,332786582,
EkiVS6RBnGpsAfqe8v7MLa,Address,F7E82dxyEWiNv28ZujHxXGj1tjrX6zfDe58WeWNvTyv5,803336019147898881,6942357179,
MzQWtSpXit4pq78GqF2cjT,Address,GNs3CvSr6fmv343GE9oYHwUZG79YGwN3jj4BmUxogewV,789997730,7251415732,
eJdvxEnoePtrm5JxQLBeJL,Address,4WVKgBEctthvXXZx5yBZDvzqe5qAdYSCwYtRTZZVpRzp,862822371408916480,7638692963,
36K9tb9bS3GpEiXVrBUn3a,Address,8Dxf7qKCKR48Ub1ahadsnUm5hzgCNg2QMb2mKraBBUKw,2163484060,6483487835,
hcHGR4EJPQLb4jsm83ZjMC,Address,873xgErKDTL4zVtpWSxyYLo7wdqk22Hnzq5VM8g2vCPc,2598667436,8044335514,
J7ZbjLUz7fNhLZqkZgrvuS,Address,J9MKwwBWrGiqUmF1NunsUQiGGfkSzhd9TaQSDQiVnddZ,433554804,7357521592,
Kc4ibRR95n5FaxmgpgAmhE,Address,JAZhuNdYFZgd24ncseFod2BvDPJENEUTMckUsbrkAyi9,23397221,7613770635,
V9KHbRSJ5asjMPWQUBWhaL,Address,CKmGsYZHRVdtoXFeLgZW6RTd1QBDWyTa3FSgc8qVa74y,34036792,7929763133,
H2AsyHqgYScS3AaJMXBAC6,Address,DQQhZAUtnC6kmqAUb9wZfheccHaiS1hLQgL3JMb6j7V9,757246224244367360,6869012262,
RCfEFE8TL5eJs7Lo7BipxK,Address,61Sf2iwvN27eWbckiYR7hkF9vvx2QFDXWpCuYPF7dUCK,101267042,6407369782,
nywJCnX9WXK5N7pz4sCvDM,Address,FCLEB1qTW8yiDW2H4XWz1ZQKFpX3tHRFrM5VATLoSJ4F,1098636720,7085085104,
SpqtxqkHUwdkdoBJPHJxA8,Address,FgGiYdZCSNcr8pdUMrM8gzhf82iEvYwNhU4QMGNgb9MU,912508076,5116722089,
c3unjQaYWRJyZcfDKJ9z3W,Address,CikJASJ5b2fENCTEg5sxD8WWUXnTqohXGqUkxhK1tjdZ,827558408,7646365417,
v2uxE8BWZ93XqSh6WsGYbY,Address,9Yv8sv6zFPEqTxdTJA9i17Rjag9vshAJgZmmbjkZ9GAy,77386294,7869470467,
7zExZoayfWQTq46k7bwKFN,Address,ANmFQWoVN2o4cGFNPnicC9L4Kmf2uNbwQaBbPJjgu3AS,1764043078757683200,2047276451,
8Pk8QpuuwvK4Gzi9sfMovJ,Address,HEzYWnhE7X8KXDewy52kfYYCHFSn2crv2C9cs9nhzhex,484032533,6603621778,
UpLVKL87nNd2H97VWPftEE,Address,9FrUU9yg3jL7d9bjWBqKbhDfXbZ8kXtzAucfLynxPnwq,1612228368,7541115789,
nS2GMjLa94iECKwMzPSeUY,Address,FxoysfAaqhWqjUXjbJP8gGDgn9hEHCpiKQ7bFs3WwrXf,896596597,7666719018,
aKGBUtgTcJ8nYbixZe2T37,Address,8CCX3Jgg88SegB9TkiE8n3wQTUSWwEYSJ1CvnBsFELzG,332482852,8018995453,
yvuFNtaWN6hzzvxbGN7Q7D,Address,65zX2DQjwvmVZ4UY9LeitYLc3gaBz2f3GB4s1CKcq2YV,1126316059,6340979156,
qdT2oEcqZtkYY6RkfnP6A6,Address,fXVptTrr9APCRDfLgaXTdCLTrJhn5918Eky8KBXCAnm,760952683,7569385459,
mu3HGXghMuiSeaaJyUMgK4,Address,2Yaqp4oBag1GvgrqTAunZXfR5M352TVxvoZ3VNMBJTNe,292947825,6816985079,
K8YizdQDG2EoK8qfsANbRg,Address,EiTQWKTWYrMA3SQYZmbWdPwtvWNZJiNKo6XB3gReZxCq,15053345,8163354362,
5E5LRvjnW6rEdwCuH9Nx8b,Address,13hidPm4HiC8xofqFcvjR4xDqPAzshwyn9UUA4nzVdsu,1644766453,8105290617,
Z3VUfGugXjnuvXeysunaAF,Address,AxonESDHoCdpLqzfiiRBWdX1n3ta78LcxpEie1SBXjDL,1488479287,6677698984,
Qu6mTLt8ojApBZDDPUxuhb,Address,FifDLKsy7rqFvwPMHZXJV5gpHJYNL5Vvs5YL6bhQqmA7,100645899,6685512004,
goEjqJoGVShUCf6DSnvQWA,Address,Emf7ZQiELuaNPFpZpqHWSHuMsPSTVSsWccE9BsSC17rL,98574322,7024276911,
3oT2EPTeqhBfHthh5qgrjL,Address,CCgHXvmbnYrM2NHd28E6G7A3i65m6xJZSXX71HraBQES,1213370276,6190309063,
pnxwUXHMf8dyx3WsBUFuUS,Address,EmDjb1uukZyFN535UeDFCDBC9TLyT1zvXibmZhoNVsMQ,2548984998,7743627124,
6GT4DbnCmKmzhtoofc6S8j,Address,DsgumMQ1aEreiQsTzHexZ6usumzKAj1FDe4xWAzCFaW1,149186675,7899246103,
Kqtbjrr5YqZUw75KDcSMUo,Address,9GwPDxaNavWP8vxskLfzKdwtydKP1u9YmXWMJzAba3eA,586433617,6529915871,
aKNnkzwaniHGmWGTcwmtw7,Address,EgR8eqifE4C5z78zCHdHGdrJR1TFSu25VqNkRypHv1Zs,2571781189,7127285752,
9YbtpvMf4k2mKPjXTkVMeh,Address,E4uUoRyUBHjopYp5R24HcVjjMFVWwg6vdfJe12x3XHUT,356362533,7493031434,
S7FLggH9j2SdNqcCZeoNqK,Address,CZESBHfs9y4p3MAWGLVWepcrVC2KhhA2D27Qa1UAZLYh,749052295783051264,6486326312,
dfrJnVVa7Q7Z5YLnapmKaS,Address,EiKZUDmctDTiih3B7HSbfb57bpSPbEHaKzwx7YzpQ2AP,31474681,7419732133,
W8xjvtP7rrJvGsNFZpdo7G,Address,2D55M8joj6rBD63eYf3cdnXzKZTWGFF6wpHysACpWDSb,2317623907,7093970091,
FQwZ3X3EMVfDCMxUr4Ubim,Address,DNR6Twnnuho1EaYMaRgqfTom2UBSDgQhx3bpoq1E3DWk,1332493538,7745163631,
jJgBhAEb8br4sMT7pTR3nH,Address,HsjoM3yV37asNMAGz7qC66xcd6qbLBBAaid2EaDK3yE9,91675577,6603859732,
GeJGmUeiw8HbhRzwFaLmLC,Address,FRnA6WJWGZeqW1EnHwZggAqtbVtQrnGdiwBg8ByH1N3w,990232406,7789016600,
ujL9PSHzyoWGcE8ULYzfPU,Address,5GvhRaZFcizpNTt24pfXLkeJunCFDjit7Wp1tPqoLj9E,94100824,5840227044,
zCBuvbC3ZqXZWMUdv8Fawi,Address,2sjgy1xjiRYDzcWB699MpYdWjnFWAZgZRtQJJGXcW2ED,1088079234,7491209986,
cBvSXHyn4BDfgGGMUjGjG9,Address,9eMRD2KMv7CPztrt8bM2YX8nxRXEZ9cR3Z9Nf8k4ZrG,415350026,7501513355,
bsaLEiDpXUaXP63uQEt8C3,Address,43ppUnVgyhWuwDJwVLMZwkies6u7hXRUvYjuZDQDadNi,957443144,7087793475,
yCU9XRaCVRYtWd5ZKMDJwK,Address,2Ab14puiA6HrMJ3zgEppGCcsRLUiwcYXyB7mHQAWnFzu,554724152,7706378125,
NyBKV8Z2pRyurhKaSueMXY,Address,F2AFZzcLpJRstQEuqdyfA5K9fJQZLzuX7DRjMHhxWwMk,1030623324,6787754715,
iYybvpTwNQfTNQusFUnu3F,Address,59Es9XbnQ9PcCXDNxJv3EdrigiwHmTnnwxPsR5W8sARx,405065930,6836176525,
M6iwZ586mS7AexNiS4ehDA,Address,CbRgVCD9tcLEkap4ps8T2YS7pRCi5FU3MD4gZhPNzemJ,1651709373075562497,6632112235,
4inQBnzKadkTZukoBxtMLF,Address,7kh9ATPTQ9DLMgeuvHCkdyrEo4DcjvxU5fJQhStLurBo,301818956,8097584833,
zPt4Ri2bKQpY4NtaDKqSp,Address,DvbpFE9ouQ9X1cJnZfRpPWeyqfTrQuci1eNQ92EKZ3xc,264355438,8105244715,
3xRpFXBmtVZojc8HLC7TxT,Address,Ed55CLFgbV9aQMcivCfzHFwadeHpBcbQUkPiqyLkBEPh,2379396482,6329692975,
c3Rhja9Eh6Ssfyys2CP5u3,Address,BegfWtdE3rQiKrKexssY9Z1UNz7C3GiirZmKj1PyGjao,417203574,6617936723,
UtaJRsFkT4EMvdKduzkXhV,Address,3xWa8qiRRBnSzpFE7JBTK1rDg3P4pehNdQRKDxioDCGb,2761556986,7815818653,
miGpVHBuYWXnKeRm3YpYtB,Address,BvoJ3aRDMA6RwnHNiadEyPZcwCiAsfKJGLADL1KG2WHz,410997190,6618243750,
a52PZwjbXrsnnMGiEwTBAE,Address,HXgNTjfxmimt1TTXoJhGeAy2FTGfv4qTcQDiZVMurynH,1636927705,7027280347,
Zmy55YHfTc9r9iBPUE44vh,Address,HhjMwSne7vtFPKZcRPerVPvKWnKi37amDrGesCW63nXB,927025044,6779685731,
iCJhLGNy9eoQobR8sywUcK,Address,G9xGT6QXFFx53zysE719bsyUWpuNANh4eVsdR99bBgAo,1916726268,7369120643,
9xFxBsQmTnstxmpieDNug9,Address,92dn4k3zWHwrBLHYfQooSUozRpAv4GHiJJ4QN34enN2P,1267300135,7796013392,
iSsiXfqMNoSwndegbEkYYo,Address,FGD2S8j6BAA5WVbVDN8DkKX5FumgAjsrowJUtPuhgpiZ,609140428,6558348235,
tg44qtNntjrqDWDHg6WCEZ,Address,BwcQQd2mSrvYm5Zshed22s8r9CC3yrfTfvgG3vLkAWCQ,1228533170,7963124020,
7gDijuwZi5wgkdFHhTF2vY,Address,7cLMwpDbh6uozbtFtK684E4gNDu5ixjriiQ5zx3Rnk8g,578197890,7505007261,
hz2axDA2S8dYi2hiiHAT64,Address,ByohUBD3ex5JG1nkZ7zAmS5HpzkqgTBPZjzpZqYNYXJS,426721607,7853307659,
4WtrEAtWeoecHUEPCTM9cB,Address,J5YxoyGjqbQdeoSGU2cW3JULAhRmmcFTL86nMYZfvpCm,2435893464,8157270052,
aVzng6ApaAo5C6arkuZdPg,Address,3cTWNTt4BhoFJK4ePZeNm3ENvCsHkPXFuv8FFM7hayzc,1591393380,8154350545,
um6rE7p6yb5uvEk8yLXr6H,Address,5GwC3MMztUV36BBjrvDRicyJ37obEwZ7WmvpLJAtNp8y,1260426320,6427452760,
gtpZwLpJN2o6F9Wipp2PCV,Address,4ioQzi6xdxFiL1hDxhcZx42LDCvw8PgQCPZHtk23BYKP,232206057,7869493401,
hEnSLbmniuy653y39kfyMV,Address,6Zi5C5NRt5w4h9e7rbbq9nHGFWXK5Nv1D3CZdKa7GSgX,436404608,6368344840,
K8ea37gUx3fPvteRRaWFTV,Address,ArmD5kx63T8Jnw1e2UrzdraqbWKpbHVBLmiKBponan5L,706851845,6622357039,
QktyL4WxvAHD4zAGfKVgdF,Address,DmAUEE2dPDXKZhY2VnwXDvXKcqBs6Lbt944tKDeBPxop,75462952,6784572228,
hqkisHbyGePiribQLgWETS,Address,DSKpEsmZvk1LfJuv4pwWC65CBeu2DX4EYzSyif6sgHWC,2646311798,6955910821,
kfkutGvevMBvZmyUkER3uX,Address,6nRsQjJaNFccq4oUsqY6CLD1AtDKSWjEkG4qyJKbtPe2,1103891402,8006627356,
PrqYrXMoSjeoQxuK7VMohb,Address,HrwrzYo4hPCFxPZPXvteCPnSCUN74mNKNBaQpK5wbfsH,54013313,7274456660,
9gJQtRpnCZKmczpiyN9sG3,Address,8hpN6rqJrxut5EgXuXGis2hr758KASn68M5F9D5eCJf1,1556417666,8189687329,
QHwV3nESCuvxge63gbqyze,Address,8UGUkKnr2t25ir1f4C6DVK9pBXZkK2Cpkg8WEyZfHhuj,2317772372,7224779895,
9KUMbb3j4KKcejJD6GaDvA,Address,2tbnXL4XxxRtgbiKBiUSbPEvAd2rxZDc2sgWoYQQfgUj,2168826420,8022869205,
C2Zv9u8Uf4PXv8yL3jhAmA,Address,Bs4oxHUmr4Bv1YJrKVfAMnYfK4cDWDwqpFaFyD4k8yCR,354718419,8138469678,
meTwGfAjxBaTB4N3bVX2PL,Address,G8YdL1cDMHu8wLUhBg8xAGpazVntFTuP2ez6KNnW1bpH,1318187623,7658062602,
pMH3g79cjj7YNKUofTdJPA,Address,DE9FeS3hgb6HiXriPgFSLgGAqY4bQZ8Ep4R9GQwukNbM,2715844620,6827372271,
CT4HhU6M3TQHthGZSShi94,Address,4qV9ETzfTpGzUJFYe5sVvQmKyTzzoz5RgCqxsRm9GQN5,2826384200,8179328124,
bGPmXWbfgq8zsuwsT2qN4A,Address,EqyZqB3S1vXruyFuDuecYvPS7t1EDaiP2rJQg1zdhmqZ,256747831,7266581770,
r3HaggtYoggBmbuD7VmJUV,Address,Hbog3EG8ZJNsYCvHHRRm8HducDx3NTxD7cvHiNQiBfeT,214667111,7298939235,
y7MmqB3Kdy4wEethGUDZ2C,Address,AaHi1icCjFiUzG8oJCu69pQkpR5ZUfyXxSAfY54sDogN,526634287,6336298562,
ErVKMtW56Ra97VJC32R6mP,Address,J1TYg4hR4Sdmpxcd2RhrGESKrnuvk1vQSmLjzdS9YAD2,2466607585,6472636058,
AGh5oK8yZoqM4cetk3UaPb,Address,JBmf659Du4LYBRt8mBTZhSXAwZUm3pyrJphZGnXyTtLQ,200692538,6976111834,
3cg8AG3ufEj7QwyM93GHsn,Address,CjV4nmkKK5EFv8HM7rDV6sGEKbDwLTRvc54oriYquz7L,892026240,7604576422,
awxPGssELCmPfAoURPudLX,Address,4bQsswScsbrd7cPSPCwhAAPUXet1n6wJB6r93DA96kQd,1198923174,6738357582,
YJEAmZy6GqsLV3gFWUzv3f,Address,EFNJ38XLnLJuQ9ZzdbKfUgwcLPKSm3wwtBHPmnydoDop,318685942,7043082091,
7rFiqRKFy9mREHd2VEqNwc,Address,EGjbZAdWhd3apbecQvDdDYywFJAvLFdNt8AEaqitf5CS,1064117599,8134781746,
DfMJDw8Whq6p2mVz8KEVf5,Address,DXqNp6Mqsxm7pwwmruXv8WnnFch34KucP4cdmpL7QsAV,1146387018,5982792731,
WJybVATjYEUifQuhN6tMp3,Address,14tTBxi1jXHJR7SEgHzojf8HBJ1LjiSSVTbaVAJAjH8y,84344285,7310571065,
kAKTVeMmQcGfdXZMjdx9TX,Address,51uvcBdwgd8NdXeZJ7mKaSMXp3PnnM3K7DcVKhWvs8uy,1651761854652489728,7011754652,
GvYjY5rz3WCh53GfzP9qLW,Address,7iwDAie75adhnjDptmanJ1uFiMqbvGxTJej5gTrf6HwC,889891076,7817423444,
FbCTuy9SdWwhef8yFZW3gT,Address,BCk67XzE5mUvXBRLZSq6zmT3cHBAnAR4Ry5LoUCE6usT,2259881797,6438970067,
kTj9dC9jgRoyhPH4WTRc3E,Address,CtqYSMRyME8qiAubyY3VSegzwrL7wc3PUeAfhbRYSvcN,579882206,7449756944,
kXajwveiNXhwZ2Pz3qjww3,Address,4cjGREcBnuyoxwBiEMN22v5vsWj7SbKEF2VkbKuprGeH,1884004508,6923287004,
aC6VNzrFcuENrFELk96KKm,Address,93s6Re4275wue1faJawjjkk9VTVo7hUVxioXsamHKEWa,895720241799589888,8059490603,
UAN3eJKXLhnXrKdRUGhYpe,Address,2PYe6fLsNPXAKvzSWiU43rXSL8dCEd9azhWanoTmUmkN,2312162212,7210473932,
DEc7wW6G5fGsLcST7cNDD8,Address,FipXirA9sG5o8pWRmbcGgCJRjdrjch6dBZ7RPkBxtVjk,282700713,7828232517,
PPqNVJgx8wk4P9SArdeqfe,Address,CcbzwSiDb2MiHgEKRwhBu3LKLXfNAa9YJgo87SbB7Kuk,562290794,6027882675,
DvVyE77pgLgBXg7myFWhkB,Address,BDvp28byBGguVS2hhArjZYVEKrTNeL6EsRkS3HvQVqUi,533523414,7961331313,
Y98DGzRAunyFUThZMJeY4a,Address,5n18c3NewMctEQSyUcY5LCNVDYNDtLmb1XsK7KwaqVYo,1537645453,7008205237,
kAqRPGC6fWa8mz7xpP4uKc,Address,HUSj8JbncTACaudrfBSE4puV7MaM2fsGNUt5AsAq41e9,99030993,7906239502,
Cgd443NtZBEhXzFE9hSQBE,Address,9Kx8iomzEYcwEgXXLyAEFJLB7VRTbwYk4tXPovqHx7tQ,544717302,8101261425,
Rk3pGoxcytuPh2dXVN92s8,Address,8L8kCGm6EtyYxyMqFQDpXzoAQU1Ep8qRa6izDDKKwAdC,4322323935,6586930822,
ZUpUXmy2FvsNyNVDE3oamf,Address,4WSoZgn4V7N4oe3Qpuda5SydiGq51Ru94Cbjs7NX4bng,1651862456325795841,7680558537,
4H4KE3yeWGvinhxcdvgnFb,Address,AG3U5euZUEju3eVqmUopMSTPSiSa8xZcXqPxS2ywHYpC,1651818145689268224,8001391161,
EtfLunPWqpR83g5EP994fY,Address,FJLzyUivsvdZHXSEfeGoNtRikiggioovdYgCvbfftGVq,232433422,7916893226,
ogK9isW5ajH54JAisWK3yB,Address,gsHktfggnEc3uos8GjccSHxczMqGn6Tu27EULXkXuoa,1738535677,7927847186,
3t9WtguiUrjNDXPZ4VmVMG,Address,92PBG1U5yyUk3CEuXYp3bzrfkQWUog5HiApeHqdp8byr,1280307247,6856177590,
wYjHAwLkYPnqgJHeoMJ3WU,Address,28gYmKnSR4qninVc61boNk8qgBhw3qqHTj8aGvDbS85p,103504723,7735866588,
zyfeP2nsdqW53RPSwQsZoU,Address,HMvogChBtd51krBTdFiXdLHCeoNd5wssKd1xoHidtyZk,552477186,7690502478,
pGDEmMPyiEiELzakVGCM7,Address,F1w2Rzb3UvvZtAzFAyzn53ytBUeZge9Q15fauytB4UBP,839431051,7828366450,
p4iQmqk7jecxXae6ymqx6J,Address,G6ySc1s943sfXCzgmcZgeHYLLarEwZRkYxgLDvwodEKR,738303456,7585653537,
bPNCLhH97CdbptDhu7zBB5,Address,86o79bXddYaAjY1dAk3CsFaF9THp1Gh2Ufy8GW2XhyFM,1329434262,7935447073,
h5poeoC5p37LaEg5EpftLo,Address,B4TyPGd4ymah9jWeyP82YAmDFrnZYmRnWH21EyVEmGdX,501956666,6245573096,
dJDAeagmnyMG4ds9MFPnV5,Address,BYzbjiPUmhtZybTxtkkYGg6XFBiiS3Aah42V92BgLEmC,737168997154709505,7462308733,
ibW4mtyvVwvT5KUJ5uch5,Address,CVCjhz95bdKschMwQ88BqvJpu6jyWiksp8JVpHws2c6B,806620620800880640,8116053193,
V8AtxCmfukkYbQXH3F3tcj,Address,25PAwDk7LTBm7tF5CaPCgePNMyTE4PznqbzretY7ojtf,272186060,7051493560,
XAZvRLGkzZJxhAoLit8QzQ,Address,6qz5ACfCjLjQSNXpcYsyDzCe5shjshbXjj74FqSPff7Q,3324131549,7514078843,
vJbvgfF293jSBzVxy7bVH3,Address,DDMAHaEatY5zfBJfQTayDvY2Wr58Ro5V6Ryt26zW8qRA,1583286877,8011509132,
wsaR4BWr6LpmSTB4Pvw8To,Address,9mw4TTabUGfs2WcBW5nJwztcKHUaZ5RCx1yjZRump9Ya,2282736568,7203430457,
sxFbdPaaH3b7y2kfLkt8hD,Address,mr3Wj3FikWwm8buy62YT2Cv3d8KGwGu7opFFh16YhSA,368810062,6300244676,
ALMBnnGRvc6x4WFmTGGU7j,Address,9fJB359yHizheWmNxwtPa6iQC5SjiHawQbwPraMYUSzA,3175474006,7163365599,
PjjnmPZLwGDzGLjiPWqXEd,Address,Cs2hv8Q97BoLwqSYFvco4na5cNkiLKgaPwbZGN6CKBtr,838113540481380352,6875657633,
GP2mx26dUhtk7kJp9GS6eD,Address,4mr3SYLXzfT3MoZLsChWt8GdSjALNwqMn5UHqNe3y2ci,327466539,7433918035,
2whDjKakFunDX2fsFEthFh,Address,6HuZWeAG4YwMu7TZQrayFaJCU5Er3KfUe49TwFDTfmx5,2845613217,6677879327,
PPbqGNZKRrmzchQ5YZttza,Address,BKGhAJT6bm3qAn5MjyXG4ZSE4tPNrKHYpEwRd7LN7sWP,1416099294,7984036169,
AqTcActzSoHvPgRpyNtig7,Address,Fxzu31CAZdwJ23ayybNLXgvMawVN3aMDGxYuJtWUGjRH,736355900,7805129149,
LpzvSUe95VjDmBcLxsNE7k,Address,J9HpvtoUMzeRg7wb5KqnbjR443zo8sKtpinPpW7AYHSE,1650829141,7065148497,
RG4uEby7X7dEqraVCaLJcC,Address,3ViBE5G7BkjbT522P8B1gaQDmhgZFZast8xukRKBGzAm,229906377,6645370379,
hnvNDMNpVuWLsGWG9xvbEM,Address,H5aDUS7dEgdi7NtkHWjqsuQevrdb2BzReXiYtWhR6kr7,281626749,6210388550,
hCe6mo4PfSGHDTDiQuztBd,Address,5tRnePTZYjZg6JNkyPJjGZM9FKhvsu8CLN5FKRjCakYc,712967076,7460414889,
g3C67KxdtkwRaAjroFiDvN,Address,J6SadQXHWM5r2WQ824EK78JKVk48yCxhKwjWi2r1pzec,4175724923,6877193889,
qurmN3auvQRycjgipgbpqg,Address,8wCGMCk4fa8zy7ayi1tSu3M4NZwkkrQvTk5iqjprVeMB,2185847239,8162457044,
dHLTnJJTj9ryNwKnkk2uAU,Address,DXeKSJyCn1kdV84pRh7QaVd8E4hZ4o9y7QQdVBzrPcSz,1309546815948304384,6659995872,
kzWTr4nwjWYg42XAHhJ6HJ,Address,7eR1gT9wxmWcgu5kB4f4EGhLNasV4Ftcs2ybBnQXeSWf,2735344333,7139376402,
WwaFZ5C3YJ3CWNftyWmU5d,Address,71ZpJvKCvEYDjbUrp6JGFURvcJDFn4vyQ1B39ycKsTvH,525756466,6321256355,
bjvtTA2KDncrDHf9v6s9mZ,Address,GPTU9hHGFMkRA7uwj8K2KQMBKPNouj7u5Vq2y3y6rGrK,48464620,7525943153,
AxD2Ddg2puKtLZvhP9e4sg,Address,2nxa3Qf8sE2kDzV6w3uto7N5hEHwqSYBZYYKgWTkzUTR,2427605245,8334854692,
8g3sbY5vHZKhzxWGvAdxnN,Address,5UA6QVxqYnsawmFLtuSF4v4A1haqRGuj4WeLHHrN13rk,252043764,8080794809,
4d58Rayo5B5yK7gvPBxxQN,Address,Dne2SrTMDsDs6Xg3avrdaqMzGCXYwCYqbUbYzbcXdgem,421314394,7748117150,
AtJRWaszTNwC3aGsknzWb6,Address,AVtifwRQrFTpD6mj6NgwXytecWMrnMPWCSS9fwaVRaHX,1306920012,6337191613,
48dbpadqrooY8bgmHoaWzK,Address,2j4VNKCZGg62oNDAWfX9M7AwXBvWPtkdpGGEX2ukDeB9,1442387929,8128673864,
eDB3tn5bDWefGoNZJmd7hT,Address,9JWTHqTHkXawTiCXd32bGwPz15LJPVmRWUZYhCLQBbH1,522998273,7133700433,
9qe7jeDrNyLY5EsmxQmeXW,Address,7EGSQunkJYh4Qz6D2NXeq26C1xLLyCCEgJ1sLkSAKovS,1884795158429859840,1760229331,
YXCjMkX38WDcvmxdkbEiJZ,Address,8YCsV4JsoPrb3HRtYnWNznbCVCNuSD84rD3v4p6UDSQA,1294718954,6780956453,
KcksC65BBXkBW2x9GXbHrk,Address,75RYGu3biGHqLqrev1DVr8AC3SSSGnygDbiqEBfZG78X,2779493943,8009018974,
vy9VhP7fodT8GpisyBoqmV,Address,6JYvcqC2x945PHKiKtJiNfSJw7hJKuWnNaUqBinfZy88,1511681678,6934470504,
YoRz2nKjyDo6kydSpCVgAN,Address,AACNgNENxtjfJ7TqkYreZh2tBGcDP8UqesnyYpcN7tbK,3538369646,8064822955,
wYARPxpSip8oXvUUeDPrFZ,Address,3fw6nrwdm1mV5D6dyo8mSvqRcE1NSRPJx99v2vRcvvKe,1265910973,6922776062,
ReNzoKdZuwEBgCRDjwyS78,Address,EPoyzRkGQrokbRZ9Fj1uHFufC9fZxw4K9TYx74f5yJ62,1818822990949498885,7733810073,
X49jzN44ZfsaTmvswmYyaJ,Address,5Mw2YnJGsDFEDweZMoLYTTPVZVg2nPtQYiJVXPaYXD67,1484863633,6498610944,
fTh7pUKB7FN2htmW8thjBW,Address,GrhMyoUmR2N6y6jb5S4gynNSRWtX2esNdAQ7cZ9Ri9uD,989805247437488128,8199379816,
ncXv3RscUPZcMrWGLCECdA,Address,GtPXn4R5hjwH226mULwDNe3RgLsXBgBJN7E24EwXsEaJ,851652792,7706443585,
4NGCH66GPHzZmAEgTzyJDR,Address,BruNtN1jZYcUghaqccEMuazjtEuW9V3Pxf1xXvLYDtoK,187372447,7930040050,
xUCoFbeFmsfo5kcef2bzcY,Address,BMkHNU4nPFkew16dkag8oyXWxAbcTqnKe7EKYWDMGNk,447311310,8104275722,
FXxTquuyz8dx4hbQHGqCrJ,Address,6uQ7dbfrcS4HfvBCEZnpHbbNHfaMpX9QWV1vfDhELbGx,202663389,7358825069,
D9Rtp23HtiWnUR3SWWMaAJ,Address,GLCyHwgjYpbR3xjZCf7f4jtz8yeE5cXdi1mSodRa8ChT,945782514915926016,7199789652,
HEm89pXGKtKxkQjBcCmXuN,Address,9jp8ejUES9ZQrZX4D7hYP2eHt8id8cysQLoyEcifiVs8,871124797,7856078347,
JjuKP2YpY2tmXV25de3e4E,Address,GaRugjHXmeqe9JymiWVv3jHM3UyDN6NBD6M9sVPCw64N,875573543471169544,7708183305,
wrNNzaeQYJfGAGiSKrsj4N,Address,A3fx4AFULMs1w5qjhb4HHXo4AxWYrdf6qxVRpNzLBTeN,498153354,7913849530,
9iHYha7NJ4QFqEmuko2ENc,Address,HEY8MxwBDR8sDiQZs1SMHgCjTGYuy4MgD6Q1gRXysjd6,953721796062167041,493140807,
CwVKnmbmLZ6mqygRAUdJr9,Address,Fpg3YU5W2q9H9udTxEka1M2GiyNznQVE4husxsZkUhjB,603086709,6519422721,
h3XZNsAy8CHLZXP5yU7wyF,Address,FeCBcLE8eoT6QKwbfwsXbsiv6L1CpQXAxKFhDJVWbemD,626545196,8004255391,
8GG4jXwUAoMJTSqyzf8y4j,Address,EVuYJNG4VgKevysPEQT2v5aVCNLBCBjuJKFSesXMeJun,179796753,7524867710,
qYjYp8NUtYtoRrLcw4uvhH,Address,AUNXH3TF59fj3evupKTqzr1aBykbEZQWMgke337FY427,1658879322,8087985775,
nBjdZrhvd79SFcsqAjzTRo,Address,3gGpLFG6UXpA5MkgVqqfmpeQCsZc473Acdnx6BrDM9oz,103985996,8091164536,
iswwtv3ZqFZRTqaauaRtxY,Address,paT9CSpVLPkig8iT2R6WLjdGYZgRFS6gSbSKcXmJAnX,2237675342,7694197543,
VHRw82dBTGQ6vWqAfLxmVU,Address,GGMrPdu1JU7SgSD47YkW5VahEEnextG9XpH5f2Fqat7z,1651853342799429634,7177850455,
n5BF6p2KfbYzUyzXGpKaH6,Address,A5MZPxphENvnCCqUgfwFH1ZHaGngAZfeyF2uvUcQDNwS,1299067822925058056,5563778470,
K54krW3E5AwZFPFvomQRY6,Address,Hy11tKDvD8MSXXkMP4UJxcNfuhr6CNDCtRRejU4H6e6S,2388015692,7545406945,
D4wXKz9jKnubjJQ3JGXXUd,Address,4VeztVzbxVHmeKSuFM555PvRzeneSK8ThEs419C5VGUc,2908892352,7790107701,
2CFq7hT83BfKXriDh9ZDkN,Address,DmPJESiMFndcMPo2QDHwqCwQo6Sq4gZuNVQLNPyN1iL9,1469203621,6417911982,
XEB7LCDH8ZVRWzt2o3zr9n,Address,5YncNcaEa6pC2ehbpSo5ruRzztZkBp1BK9LSRnK17Zwe,426262703,6897640648,
yUzDZEf8uBaijvY3LsaUPc,Address,D1KtKRYHYVBBrhqNJyeBRkmvikZ5wE3PBGUh4vhbCP3A,967026272,7294241888,
MJLqkuNwbqkdn6x23m3bQ,Address,6t9mcQ31jEdLGNWTGgjJN5wqsmSgqsvCwbysk2Wrs7YC,4788681555,6491079653,
LuPMLg6dbQxGJ8juvyhyYe,Address,D8HfDYMHgCWk71aZutAUYBqgrAsZwbKVud1SHy6kfCYu,627635037,6716400261,
ousthGhu5msWKHFUeN9BKV,Address,76Ejm3zQhxJgrVu1Sf84ps4DcMaVinTT5xoqvX1Rjm8u,2908477483,7786452999,
C4rmhDkJSsHGCm3CfvJ8vC,Address,CddfGJDukx8apFv28E53CYGyvQThjtCqNFZENqruEsbP,836486095,7806767901,
QXsmres66SZHvpYzUfbLdQ,Address,DjHLX4bhXvfFYZYnmL3esJ6vAjszSyHwm8nMrP9cFwV8,334333060,7099968453,
gDaLVnRFmGyW2XfYQEBj3U,Address,DxYkh6tiUKU7rusMoGWkLAYfw1cJ4sKN4MZNBm3Y4uP7,2545826938,7926416582,
nMFLPw7tzrWtNnx84TJbce,Address,9NcDfT6EirQUjaucLx9kCt1Pmz8NfcBpJu4XX3A8QBk2,629879092,6968280210,
PjExsXhQ2khcUgLwaMtMNc,Address,6deG6REK486DfYcPSag3ywK5tjWJMxJE2GH4R1cwomYu,346156185,7086908660,
DzGXATY6hW4q6ehLLk9fpF,Address,GRjVQRioB2j8YS9ijaNomHiANRLDbNeChf1Bcbejgf2U,843240534,7407126723,
Eh32x5Txj2aovGr5xPdbcC,Address,9QcMYnfJnXTMi8JNTqf6vyzeZ8jpoPCuHrvLdz37X1gn,329657017,7304611389,
Z52tsFoQ7MSKfZNcWmXPhW,Address,Dqp2BPtstYmpd3AgnphApRiPdNU6PQDhe7MV3js312TT,3197266748,8192258891,
6GZpuTcELWt8Ff5h93rfTh,Address,7BLwXJswYwffLd2TA5QmJPPPGdtNZ8Wp697HJGufwzfF,565493534,7021140177,
8pyNomzqmP5Lte4rT9Rz4J,Address,6gPTTaYVCtUwEMR9CszMMFjq3aDMTCSzkcsYXMMmNNzu,1651709559453655040,7271299259,
mXByKNdTQEaY2hnwHzFWmj,Address,9T3unKJbhcHyzN1veGy5YHeQkm6oH5YmQwDkHzuTzpMK,709668282,6882166496,
d4mmxLjgGrKEAaWSan7mJT,Address,8uLkPh7ZRpWvCgY2FrhCbujYc9J5SqNVoV5h2wJ1dYcf,803535546500911104,7195088267,
o2rvZcFVugEgzLdNte65y9,Address,9aRRBT7c78Jbdxe3hMt1bk4fhNYX4gb1AUGXy4qhegFj,1326514602,5468103058,
Ce9tCRDe4JmLu5TgjmBma5,Address,EfWbZKfFF4AsbVX9XVnKgWeJJHryRn9Y8ddQLuTJLKxm,2474676554,7862958723,
EyRpJWnnspavxaqcPZa8Qb,Address,6KCYHWt5AY7AHgU3vJru3ojaiq1rT16Ntn1fwiixBpvv,722387575000928256,7038935311,
ZWxnCTezwPjAb6hMEpZdr6,Address,819ZNDQFr8nnqHnPXpKaxYRNjJ1c6MHpwSVGwN5ipNd5,276060048,7560782703,
F8hHp3Hc9NYM28D9Qkxm9G,Address,FaqsKH83nAUGJjgSvgk46AsNQLLEPh9tenBzcEDkjPJr,741910584,7823381293,
pUqSFFWjESgMYt3TDDPxj5,Address,GmBWWW4Cx3nkDvCFYfQPbZpsRxi6ZZgFVt1vnkH6fKNp,2328866923,7655382807,
QBhHAHTTk4x3zvQQvQCdQf,Address,D7yg4zPuCvBmZ9fTFxbe9m9kgg3y8oQy6bUtHqPDZLQ7,711349065,8100041990,
jQ35rUDKuhhbL3hs78JEUg,Address,5fj3YSzq5zmS9Hzh5DwBxJEP6jysTNTokAaSsBXoF6kt,24439625,6542506235,
g5cACCaSJMhohgUPWdshaA,Address,9xWaAgesW3h97eRRWCAcTFz6wdMPUfSDPG3tBqHWujrD,409995373,6511788307,
XxJTymofxaQmRpU4azuM3n,Address,3KmP5ChefJUDHZgg8JtVpAH4aXfTP6uGBsVNH4hwHApp,2427596546,7589475856,
yLGBLYGe79k3qL3QbY7bve,Address,2HkUkYssV5j1VBqswQkffa8noMQSJuLMDJM1GzfjDJBV,2274206756,7636388620,
7DwH6x5P5jT9XHVzJYpcrZ,Address,9EM2aH7GQnyonKN9u7ZPN6eP4zTxhNQVRGSXSrK23nQh,927985742,6828229302,
JPSZhqsYqoTZ6jPVgej47d,Address,E8t9oh6hzZPh5gJZJCE2dJfJyDf8GnPZkyz9KFAHG3v7,271279409,7598337215,
8juAUpWgXuoZWz3brNCPA4,Address,KzZdgmem58T6eSiMNetzmTXqmuTMVQNNBDkPu1uANDT,582082050,7109103888,
wkzDWNNbxSQQwenhtivWMB,Address,ExJo4SKYVWXuxAWEzjVV8nEoPbaUgxWfNcJPJj2AVMtK,84412920,7564231087,
G5RS2wsk85dXE5286qRxHh,Address,hZkY3JaVaDPSNNp2YTFSu9JVVPsunDyyNNZPwvZnoFd,2906019023,7159663670,
SJnhdYhpebofwKjFoDMjTC,Address,5vN6pUaNdpQ3jcThh39s4YxZvbzUi8266g3HHrx1dCfF,396731138,7055450966,
KLGN4XgTCdSF8nM5VCyaFM,Address,FdttumgAmWiXiXTbodgY7xzQxdLSAgSmTf1tATMbL1Xk,1665411726,7673167884,
TPUKGmtKohdbMyy5i2zzC,Address,5jy8BgFo6oey4GCox8pmVjycqBNMfMVTBM3apRqJCKbm,1876278624833388544,1791460133,
CJ2xMDmgMd9eYF73e9SEzg,Address,DYXavAe6TeveKi6HBcL7XaRJbqU3zSWcKyJ5mhSbvx1y,2916360887,7445269065,
AfshJtQwC4qGHcbqX9Yp7j,Address,DrsThLTfQVBuui8tca7sasMVbDNi4AgySSDs6ZhQqTX6,1590947940,6876252127,
96WcWoMEEYYoP2fBs5eDAo,Address,GB7PwPDkC6Z7FNPsWUhhRXKm2QUxZ7i86qYXA1SJtqjD,345183360,7834467762,
uboJzvxQgpmKUua63XDceS,Address,9pLzS9d14nhjYaVXGQrxMKGQpe3R6tqokvfGh3ZWVDZk,1198435050,6649809660,
28xu9zohk4e2G57pibBDmG,Address,kX5DTDbDkZxrQpFsdv9kxJJHnT6S63nHYNR63dsZq9M,2859473195,6528401343,
tf2ZtPqj6gNWJ5WVPSCyXU,Address,LRnCZEe8vaAuTwUg285fF4oHBuA7SWqkscbw59zA8Up,440767286,7611426128,
HAxgJSuqk5SHSgyg5ynssj,Address,C9yb59V1CjVxa6m1d6sz6bATS14bNoYahLZDzRWagxpj,1737437900097163264,910433970,
iFRkMxWnXXeN5xzh5JzoG8,Address,A4Lf5Gfss1bz8xEzpFX4knPrh5sxvFvRiMry2gmRCo3E,189159762,6568172573,
8BpPi25HGRCTTgd7UakuW7,Address,GE1R9ALnuhcMChPfvToudkyLegJMegRfGaqN83xdzceH,1734766212,8100164600,
ag6JZ7i4BbEytm5cnbfcfX,Address,2DQCB7NAU2t3zARA3AS3ye1c7CzPpoJnWFqFe6z6MfsC,395845507,7776641430,
hBAkBgwnbSJGXN7LsHxCDT,Address,Dm8HkTs6R7Lqm3WTVWbcCWUXLwbzS3HgsHBBcXBAGuv5,1103717054,6794853753,
hTZzNYsL3uYTmSoBfQ5sHC,Address,Ej5Hw74ZnTCKUJDBGWsJFs9n4Nkmrpuud5ExrEZTSK52,74040829,6573889619,
jGdKBqHhr4MxqsVsuDxBt9,Address,AfC6xEzGc4BzQXYnRidFt9GjBehbRCYMHGitEhHCedYq,968830483,6569458763,
JcQC8NCsWXMMZQgeEKF9KE,Address,7MH25KWb62Pc1dG3cX5BeT8hhhyGeQp6YvgKTJe9H726,974417484,6693185432,
fZB2JZpBJMQNLNC8RPFtPZ,Address,EgG99pg3Bji8f4A6vmjCvvS6ZYynuWcianBwHuHGoJ1y,75206500,8178662983,
Rfkcyjm96aJcjVBmVANBLn,Address,23nocSYY6KaqcZhD3v75nYesXee8U38ZPSEh12xGS17U,2605633975,7917657191,
4UDrUv5xmFLThphHAsLT3T,Address,FBGxhwu6GamrpW31mcLFtdq9YSTHweuUQpoYqfSJtWnp,2582353351,7410193965,
t9QjfSNxyVHzRjSnaRPYwM,Address,2wi6CKNuJEpBStMSWWVzxNHU6y7JGwSK19w7wihRQauo,76611399,7698571564,
AYGFS3vk5r9v6HEiZhHc6o,Address,7NnuXNjzFW6tAaqmnWAAExmmxEHCFkxs6G1rV865Nds8,1040275094042341378,7738449866,
6EuiXYzy9Eb2GJvAhkH4QV,Address,A4LiBatDZ456wEd3CpKKqQ4r6PmE6m13DfePqAj29JHP,2211848794,7803282629,
gTGauqhdP5AFd4mu6XnqPk,Address,CLbPRkvBcfdFSucFv4F8PpTCamqMGL4ieqBYTf3hPkY9,916004678,7577030854,
nVfrTYxiD2GHNyW33VrDaL,Address,9gLcYAmMFvLxG8gsDZtsrKvdsSBpg1aDxUVFrpiNmPjM,433484749,7360706888,
e78sEfii7Xyo6pHkMpqBHF,Address,BWXrGkLpHRHDG8ezQz46GYXxoB1CH2MAbUgMEPGQXHpR,1153640742,8165527182,
ihycAX58JLKbMmkCnbKg3G,Address,Fg32DhdJmdXuL2qP8VS9LJ4oKYnryigtG8LEaa547KGR,65813337,7401570018,
mwbCH9BrYVrjEmgMYoxjxC,Address,Ec2tti8YUkae8Uc4nevg1rt6ywA6wBTwTiQ3ZUvrH7ma,884701592,6445279810,
K8StZYxEPMMPxAvg7hFxjC,Address,DWDvfoK8onY2wvNjQfi2fbaF1k3XdtaTi8F4xeGRLjzj,635741054,7616394150,
ZYyN7rKwML8JFihsWAtmGK,Address,8iAdus8a67wqu1nqGVXH3Eu6RCsuJW3bh8fkGfCQx77u,329238471,7485217806,
3xfguC5GsAq6GMY4s369zY,Address,5GzRJU31DckXdh1ed8SgbwxBGATaJQqHU2PLcSbL8ZbE,1627795823714254850,7730675295,
T5Wb8Spv6eCD3mKq4E58t,Address,J86PdjXqth1Bkbco64eXBzrCQ5nbw9a4bwuwhSX4uvHk,886866878,6723562721,
LRpufsgs34hFNXw2Jt4CSm,Address,DsbPBpMaeHmaddpKjWKtX1JnFhAb8UMFHryzNsZMDWTK,341250495,7583891989,
q2t6Dhc7oNgCQnrRffCY8S,Address,6AoBnvsuNACdHopvCWxipyu5499YBzjuuJfCzoJD67mm,719616553,7560392034,
36ybFH3q5EqECjpZy9yaXR,Address,7UmkfU4C4E81eQS8sfwkrQ61of5nx5mgmUBjoXigfHqS,2446670777,6917167747,
5uDKgd8nwWkFDTUKbKD8f6,Address,sz1SRpALvJPzRGMC1EGfD1BWLAxSAtD5tppdPNjyZFb,717528770,6666276916,
LkvkZegwJF7VuDg68AN7v8,Address,F5xTHAE6yx79YghB3v23jZyakZjL9PJnmaEcqeWWuU7E,597591309,6604315803,
JyRAp6yAWbVG42eCfGztjj,Address,7gyRRn3Meh2Vu4W2EyCzzjze1HLsK8tnbbeiHxbfWqQG,487836469,7571099408,
qutM636NZVAeYV8XdVv2LT,Address,BYhQwKUe8QrScCtVyLhkMh1UZt5DEbho6qYHtUMYjuKH,88130192,6621812452,
CbqchjDMuXNsLkmqnexErb,Address,DVsThkboFayuYtc6rtVJW4taJxvwTo7FMPF4ASQZmkMz,782739428892704768,8193366233,
nGphxYgwCrHRzwDCcUSf8k,Address,FS4eskhWPS1NiCzdGjbrXxGmRsEeefqWKLA5NnMTXQTV,918796309,6725514859,
mvP9i3dXjmGg4RnqkUxVBA,Address,9yDwpFwUrYJoLA61r4NC2d4uRVfWAyw6DuL99qR5CnvV,1554543750,6480459653,
zxeK25HTi97EaiztHBYFhB,Address,66JSDzb4SN42JULV5kWQkpX4txu2EZYLS7gTAxXZzbKY,939666396,6641296807,
sfkrvJkQJKcJsCzwsy6wjm,Address,13pJJdzHiBUYeBVSwLBLnfNsyLQp7BEYBeEMCupay6xz,371290082,6589870984,
M3dWttmEmguMPWAaEkyP3i,Address,6QWW35Mkk8pJ5Uaieq56Y8hWuWHpuJbBVGRbde99KPrY,1939298258,7717409318,
Ej5voY4dCHuE4Tq8o4x63X,Address,Gc16rqR5EiXuRGzF4ng6rzUaCPPh56vvHjNwU8heYHGk,1262685715,6694795390,
89kCgUGURnECrL4WLEVWZe,Address,CFXvvsNTAYic96YNWyZDkGdTTSnjdLurHkyNfCki1GR8,358590157,6608216938,
dPKFdAS3J7qmFLxeGN7PhD,Address,AH9rYtW7eD9gtUpRVQzsRsBLT6QFngKL9QoEYZvGhE5E,419058107,6677937556,
3HBdHu9UF9nYU8aAs2yAQ,Address,Eh5b5i5hVr1qbxRA3R8HS4GEZyv6aHS2txqrvRykR9Hf,281601168,7296558360,
N5AhxrKq5sB7bCKurbn5zD,Address,4RPSeeZopXos6sGH4MVP38LuJNV3hesKbC1GapTQLbp8,1331743400,7293759286,
kdWb6pbSu2bWp9hX9rj8T7,Address,A89tgU1Hs7PH7SGNLpqWQ6jTkLBGEoJ6VjbjRm4hs3gG,3096590648,7475334254,
VwKa6uNYUXSFHjzNbWxnUb,Address,G4wYoh7uvmWHMazi3DWMukkaHTtzKaHFKrzghNR9kWEL,912133741,7013182246,
NNMRufqy2MYN25tmDsJbZ3,Address,EHVj7xQwTvjpy7wBQrd8MCWKsimyUjUUeiiGpqYHdsbP,2880689305,7380335453,
tW2JfGSYQvkQWvXkSNePD8,Address,HPGeKUrEjVeYkE8uS8zZZwSSsganoLyhq3K5LE1jwNU,240706353,6735010779,
phZtWduxAwjLsSHY42CjuW,Address,83bxaGkkNn1vnPju3SxLXobbxb2Ys38wB3GhqkSTUK7v,1156167482,8010624860,
xPvYSv5cYC5RGJSffVbr9g,Address,BrrvNJ1iLLojagK2FduooCBs3BEcMMxDaY9Cd5ERr5Ta,493195678,7300842149,
x2Ce8LUG2bCM2CHgxCc2Wc,Address,4bgbnz5FQz57cVxsAXB7ab3Y3J3xdFQJmYXvXbGvqEPm,1196854969,7172021307,
HqKuGeZx4vbMgYWfJqnW33,Address,5MSxBg7oYbvkEXa1S3rKsmSVUPEPcnad31z7PEuEj6Ly,1674351152,7710038855,
EbwJ8XzsVQUmDWbCcRw8KA,Address,8PH7cfh7Yy3QUmG2n8xobv6ajBVJ1J1Lmq8ecu2eSpLv,568344888,6749253384,
Qwa4y6RKvtNpNNzrnYt2nX,Address,9ottHaQGCgMXvWRZfM7sx1BZM8Z9hGSn1TcQPvfwjLHe,4703890998,7250751978,
hXRdc6hiqgwUV2EU2nRBQD,Address,FPr68MSwvWpUtrPEPU8KHJ18yDR3yJL1AaAApxpFo5mr,354401042,6942265817,
yQ7JHxZAHgaH6pkb6Uix5Y,Address,6xJx3dZEUS1uthBdXsfN1bqSMUnGDfdnVL18R7Vsmqa1,431642966,7299665056,
hdqwBGoAUfwGcWrL4oS9gT,Address,Cno6hw3eatNEUqjCjfnDNCGai2TSb7fk8Bv21C8jvaFj,3148534118,8096923669,
rt9r5rdfaz5kGcGzxWvQfe,Address,HkZg3MeJUEJ1Qati4vRazynWNvwSvwER4LhrBBp2nry1,102714835,7492077092,
ED63aCuUhoSPgE4hNw9thS,Address,H9RDyW5EaLzKLNwTPe6bEut8XJjXv6dcimbXNgUxn8WY,112756815,7454407633,
4U6EsyKcixAdfZnRaVbGNd,Address,AXEMT2EZbVh5VA9ZEyoLApYoEUZU7YW3VD1UgRr1QP1L,1308528824,8066584862,
xQdZ8qZUt7C9RQBqEqiSfP,Address,7QKfUwRDgKPW7W2R9MvQLbxZM5mfDQGLPCD9xfsgMj22,2401170608,2068984580,
9PbU3JUa3vHhzrcG5zdc3V,Address,G1PpDBzgNiXEZ2ZtCN8mwQkZDHKH15rwfF5UiTVe2oiw,2891993899,7222443761,
QxGfqbMKuVmouFmtUZTW3N,Address,3T8VeMcQbXmsw7kv98BdTbV4x55PG3fsex6VwJt4XwxP,212720040,7523615389,
7fEyCuzBkZvev9fJxk4EbY,Address,ArjRRBSQB1pfhbKu6c6aNbbttYE7SiF3Uks25DT1H3e4,97260598,6735924463,
SvqQRyhnLo7Ga5FSrZeamA,Address,BXDtXexB8HNYnG6T41GBBQPqiyEgqJpCe9Sb61aLwcGU,1675855455791501312,5966927743,
zDpEvtZcy9zeEDaMTQyWEN,Address,Cwx9u7DWmmATAt19VgsSAsQzHAmGmUq9xNNPCeuQ4LfB,863689428,7419792076,
rZXRRfYFYtS9kN2vaRiFxD,Address,5Jpb4SxhHYKk6hsUUmCae2MeGhfA7J4xxNPHjeeVm29M,223557640,7634386818,
Kg8VPWDzZAn2C4rMWtA2Em,Address,GJQekmEHNDgAVMjuVEnCxJw1QidzErQHGzcyTyknvcUQ,2194084443,7906544532,
wMiGqPeh8cESni85XXQyd4,Address,63ggXyy2NDFmCuLVj4NYFTLZX7kNBZ5pvcBq6Y3m3mtT,467983181,7132188619,
vwoDCwNwgmmBpBQf4BYj2k,Address,416vHqJZgV71NoU6td7FhDjpdkE1EqU3UAkTea4HizvP,2173598615,7167494843,
ZvsheAJznW8McnQvx7ZaQJ,Address,3WSVspcx7mia7mnc3EgN7LAkdkMWHXtEujZqWdAt9Pu8,607518107,7959889078,
bBkhADBNQG782BabcaXfyV,Address,7auQ2waBjU8b8W6KJFStJkieui7N55mL55gx65JrSnjM,3005183017,6654229998,
SW7ewtWHi28pfZFd5BDk3K,Address,3aFyUmMVBrCWVDmcqRprsX1NAg6EsYZwoHcrqoD4kMt2,3284096209,7716468356,
oSSWjtqLkRRbWyGcpDwwcH,Address,AHUq6U2WkktvNpC5sVDBYGe3wEPgk5wfKattDMhBEY3A,888857702860025856,6823916334,
wTXj3jaBpTFPCxqFzdbYjD,Address,Dw4CeHmw1rDfzdMyeUYJpvupNNaEwCLNGvaiB67o5pS7,346056716,7974439642,
oFzMqtRSDwYWLM7fF2qPkD,Address,AH53AK6fycMDEoxeq7Wd254U7tLYe9ctUYm612ZTpat3,2214670283,6976337861,
XTWsHVbucF6DhkU3XEZVyn,Address,6V89pHnMyEteQuuvz1zy5YZ11SuaPTMEnLmPJu6kgTnD,2214538716,7524324364,
FXLdgjNuagRVCQMU7Bj8Em,Address,37GmfECr8DYMR77QnsRf2e6GiQFeWbb8NxRAUYj8PmKP,1365285572,7348872830,
gquFvzV2rvXT3RDzVBsx4T,Address,2A81ny1HnDxA2ksDi6vUJEL5U5juZ4zWHgqfPu1PtRMW,1084583642,7844071801,
NEdbWXK5aMADLYs2yotdFX,Address,E5qJfAJH8EHJacPhfwdb4K7b4Fo28wHoasRGbYRPSXTN,978894158,8000850815,
MDUn78jz5utg4k7YE4PpkF,Address,Ag88NiocgX1RBn2gRyKA36the5YiytmmpxgQFnXEsFoJ,1872524353,6401012594,
i3csqJXYH98tQRBLMZ3QmW,Address,6QeJ6RGGSqriX7xj6FabaECK2Wxty84UNgjsMHzZzWGX,530831170,7521295370,
u2qFrFvK9wwQyQnMZPwV7X,Address,8scEVcR9CWtrMUzUufLxAendNpuM9d3PBA4taJ8aYu94,1689203869,7671251734,
QU7xqqX2auteni6zBZibkf,Address,7Atgx5XhZe2J89d4MtiXM5pZkkRAjiXJXAgBjVifuo5x,987232777,7635776428,
ukDcwPYZmhtfqwiGtuk7sT,Address,58BoqTKmbqc4B33HRLgK839AVbNvhcoceSiykMBa4hjH,2591308416,7794411001,
kikDJcwSiBZj8LpXb5Tkra,Address,GkEUJhNYGaJtq4kSE9LqXK7KiLVnyXbvsv8LwyYGgQjY,1118139942,7738749655,
Q4WZbt85tzcaXEK4AXwtiC,Address,C12tjfLJU9nq3PazVJBDP6WRoAEXfQXHqfoQjNa2gxC9,950150932188270592,6638100022,
jdwBAYxJkubbDk4eYhkw95,Address,H2jrfwSPnVo797VU5GtGqxP6DUTdkyAmScwo2Fnh53ZC,529678952,7150965412,
tXjneydBDHBLiZtkaTnhvZ,Address,CyhyfTc2SYAF8FLCtkZGPc9hhSXmGo7D238Dvsb8dEd,2229146187,8051793650,
yfc2LoTsyYs7WEnwKPm9An,Address,BV3giw12gGSwG92YBBqQtNZxCDAG7C9rA7pmvnynEixK,2885716722,6609113754,
Wopzn8NWauD5Bjxx9M8Gt7,Address,D2a19cwA3By5VLG6Kg6ZfdRfDXFRLu9dLrXoF5VbhXW8,985954525,6902629013,
G3nZxE9acSU2zuyMMQYcyS,Address,4KxrsuY9x8MfJ5Cmbf8HFnogSzGQJQqhCrasw3ok8Gsr,1228620480,7830232084,
pPkdmHcLX6NpEWd9XJD6XZ,Address,4GE33Q1BLSLcsnswJLZNz41zWKaef8exymSorXiEBUXU,416426164,7533787215,
bBRrQ2ibYywnTELExEjri,Address,56pK7gWTWDHdPSyvDrP3zh8CSE9eEYvYunj6pFtxjNoF,348756822,7940685537,
VFFDRaKRE8AGUD6m7FDjPU,Address,3JdQvxigeHM8aFHKb8N6EyFLt4Kq9tMqiv7sf55yF7Sd,1899624959028137984,5724523629,
EweqE72CBxEiV6Fdsia2QM,Address,9HVYQxuogVoPg72Tnt2Gz7osnW9q6HKpQDNZFf18J3iD,961058436,7857606921,
kYLqevdFNQ4czAZ3pSxkTJ,Address,64YRBoMa4ZFXf5W3v1tXNBn7TjB8KqgskALH2qgXKx5F,1680208734,7323139492,
Wp2MGi3s2n3DjxSMUSzLRZ,Address,9pawww22UcrGAPBxxzkd1pRHyhr8XgTzYVgSp882jrJ2,2650665595,8138689829,
PXyTtfjBvzL3Hnui9ND4kP,Address,F7eRxxYk6xeHYwEjAfrZC6mSWDPzu9xo7sNukXYhcL12,1480848266,7295229658,
aaerE9fGAxY8eF2pZyQ2H6,Address,7L1HdqSdyreMS3iNNCYQnQnkrB3JeL191k4uhGnUVg6W,2649581203,7635541469,
rMUwMyDYUZ9mFh2HUBM9cZ,Address,DRXxY6m57ehuZHrSBLSBPdXBvV6C1N3dLvog9W3ibz5j,900430147,7635063583,
yYYWsi4nzjT7uxckyUhep3,Address,BGwmZsEraVqpp48pqGGFZGXbrBMRPk9oqLib8WS2yo3C,896147760,7890841251,
yn8u5nEJSAxkfWBzS4uhs6,Address,2ZKLeCSvFniwCBW5MsvYFMeXryEMfQ8uJ79m87ffp2Cd,819678104180424711,7608910949,
EsbnfnWqswevfpeQLNATKK,Address,DoP1cjTFMfuvJx9T6ZLGZpgcH7e42w9MURCSfBT34PEn,1003952718,8073422644,
eDBektuCWyU6FAmEG6iR2Z,Address,G7yZysgMzgmQdfRUDGfzg7G3PnkWqAzwbWf9Z6XHZGx2,612142690,6657145578,
SwZsfUoBZyiLWxyxoUA5Qm,Address,HZ8Kycea6qkR9htn3NdfHJjtoKAFssFvA4sV7ZuKtw3J,973373286,7572315900,
gDdMp3QcEGbTNGcmCAs8kR,Address,HaRabkkEmKDU2TiyMuTLQM8beFRm9fwgHiGCbczXm24J,204102300,8073234882,
7AsLdpGB4AFjppZkWvhyoH,Address,H3ja8KxWnpfafpHuKLywi6wyLZtzkyrxR8MwnRge5KTT,3193090724,5405065546,
JsCAp4uJtfCMfjvGRbUvjX,Address,sswZZH7eadCL1uYCDZYw2BivYm27Y6wQR2KjpDpxW3n,463393559,7616506440,
WL9zQBZjGmBPhXEMZWbeTK,Address,D389LL7bM89BpENqc58MRv5QTqL1TsVZcjLnehumNDLf,352401521,7001069344,
iwfgHg4k9u4aEE6usPe49T,Address,QhRZ6FQ26jutdvY1NA6NAk7n1CpAZcKYhPRF1z6G7Wz,4177712669,8019533514,
D5YJLjAkVBbCUy9fvZfFua,Address,2JNGU2g1iVMUorqEyZZRZ8NX97qvhVZMsQjanxq1CX3X,62234388,6957275241,
LWxDasdKwS6yfdDPCLHsag,Address,8pbbP6LQ3SgFrrFBGS1MVGhSRNj6ZCbU5dHx4ZorHwW9,3432357273,7169469749,
swBkb26oSD9MY7pW3GSAqi,Address,9pGLWXnKLKLgQ7np61YNTrDnsv6tcLQJPx8XASsRdyi,123971694,7331452936,
hbRCjqKqVWSc7K4NQHaeaX,Address,24hB4XPaaG9nwCT7uCHWDgDx4AMUsCB7DSAnUmyBtBvy,2729430491,6724377353,
yPT9tF4nrdDCZwZKMRzjD8,Address,W5hqgs2zdhjYVwmbuPFHX4tFwgsnF2KGvCuwZVo3q7B,609053783,7132904941,
TSxZNxoakD7yoVJiUHxmkY,Address,8oA6RPoZKAhms6b1wfj96DVrZgsrrSGYtwA75a4mMYSu,601385257,7710202594,
QM4D2jmRxU2hJhacVX637X,Address,GyKmFRNibd23rtPNDnCE86aQVeufSspuvAReTva7rzfV,771236414688145409,7121843464,
LkfN9ByENRpR7Yx2wCfUpn,Address,G6z9tbYp2csrovGNFcUnXGscGcMK8VS3oZKjXu52k7KS,931982629,7728631408,
fgimbBf7v2MiFavce2KmZn,Address,HYKUxfDTQWb7Zev7P7Vw4A6PRer8LBibEfMqLn9hato9,2241645740,8191865007,
8WoiYznzg88sEnGVP5Vcgb,Address,HPASenJC5J2gN5S5uitp7kLhoSiE2uTNgVkyDip3Hyor,850824874025250817,8081718509,
jGYoK5fpdgVBFek6VebwbF,Address,BpKeCj1NPRDazfVTWcPjS3MpNfdTHddnXW6ehdDzp98U,516528965,6889935190,
VEJLTxu27BCUsCDh4NczDm,Address,4oYFiXDvaRFZuo17eW9mXECdyzX54vU5u8H7TQxYx6FP,2427339093,7848411830,
SZTxveDfQeaEZdsLYnQvGo,Address,GT1NL5YWfJsRMYFTAQab3VkL79Z3CHSuKFo55EcFWmVr,586708953,7644924156,
QBRd2D98HSXnPtAae2K3XW,Address,S55scjzvDTseSPaT7UXHyJfhc9P3buUWQi7g9VZzrY5,624356523,8079444665,
cxkEuHmyZVZsvhTVzrP4B3,Address,2eu61xwQPTyHxKPhaSneNsQFFCSDpCPZ6zbfzJKP9Te5,1722542725,6466537192,
Vso35MUPd4vnN7PxzZvBLi,Address,HtxaAmSWhrAQScAhyX7SPCXsTjvUy6BBa1sMHhx7EQHY,473873205,8001874809,
sZR8LRZe7yGtqYugHr6S8T,Address,7YcgfeekRVLfg7mHb1291F1bzF6QjLaeSuFeV9QYCzrD,921999223,7572517361,
CjSTyPMo3emNmG3tBfyb3Y,Address,7y29cmCbhP5sbC5UwCkqkczLK5FBz9XVB3o4G6yJZMV2,339073001,7105539971,
ZYhF26weK74p2BktdnKBFg,Address,26LUigGbdSqwZNMGDc9ejsZWAyEpYmj6ZsYkFSLutH32,427555414,6455858099,
uo8P4W5G2u8TTpZrxNf5c5,Address,FhhrgBkj1GU3eCZGdvYbctNwQMXQAUYB1p89QGgeCY1Y,60779560,7532334975,
d9LHyKzntNz5to9kUPp7Kd,Address,7DGrdZz29BcJUteLxpPA54piv2BEg1wvWRcRYcHM3Upn,1483280690,8095738825,
f5B8t3nXK9pHDhQN9xjMX6,Address,5vSLZVS8d3iPi51iB47M429CMrw6xVMGy2r1gxgY2Wt7,743648030,7428024814,
VXjcSrDg5CZB7Waj3vhnaT,Address,5qx69JLKfZp7oAa6Cw9ctjL7i6NYjrPApTe1TTLW3TZj,399256144,8065715952,
TZ6bCEpWoL6WLLmDEhBDk9,Address,5JH1Q3ywjn8DwYrpjgdLcFqHdUeiYcgHtHDfQVubYx2q,309742462,6931857915,
HbeqnzjrP9MZGMwkhskVGV,Address,2PsYouBgjWVCZopvocUfQ9bMMJzo59nJSNeatQPf5yFH,1688872430,7626922322,
axaSMj4MbcJiusTHDoGXkT,Address,5y6y6DQwR6kEs475E48XwFJ54LczyiXjbpVGuUN4nVKx,1551264373,8100729885,
MMexnpunqqnJbCiLfwdD9f,Address,3Jf3UugpNvZr2oGr5EGNdcuzgqE72kCXjhsJWpWt4F56,1563875761,7389316581,
hHQhhqpQRDgzsZdFFTXukM,Address,A7J3ntfsFk5QWvKY8HG19pJMBzoJbEN6apVsvsvmxmtc,729416696692346882,8059328237,
KzueJCMsTgSB8iUQgLp8tN,Address,3kgAhYebeRAXZdq3yHBSZAG3PVpZKAVRzR3JMHoeXmL5,133037181,6584224081,
jNLJuUWPJVpnFKqVk6TmFA,Address,3n6p7NwUh7BuzK7M3StuU7L6vfWsYHMmhHVRpaFdETSv,3306508260,7594847538,
pMUunKgbDxAJKiGk2CuXtn,Address,CB1JPUohEP1PnrDiWH3cfDvqZLvZunBxFAJKJffhbX6a,562037377,6995360143,
8LaLLXoqNXttdTkJS7Liif,Address,7vPTDD38XZndqVZnRU4vPEvZ6T8v2fobxrESZfhzfnkp,719719331,6914660197,
Y9JyvLptqmhBiMKSknNnt6,Address,FCR2uxWVMaKNmDmBDd9qBePRmBWmwDnahRL6UumDmYpT,2589527755,8108836734,
GyxzFmqPjmxGNXT9zKrjHR,Address,Dj6LkKPNXyoezpfi7YyeZNjTG9Qwp6jA2FSZjREP2URm,991641893778984961,7564461805,
u2osMYEohSYCeKTS8fF8vF,Address,3mC9e2WcPsNAC1sTU8z21q1MMkxVh1i5NCtNr9RnoZk6,478785381,7404394169,
wyoeP6rVZD5tqBQrsEKrXi,Address,Gvs5xidvdA9SFbbpSMTnCx7hfz1Ad23ZUox4TEQHwtji,383422617,7975402057,
pSijJGrFhxM2k4Ja4tAohU,Address,DktnyUWvZkXZyjjgetAu8shN7ye927hyvzZW2Lkn6v5z,1734041856,7038606527,
K45P26xBf7PAjGBtifdmh7,Address,5zrxwQbHfLivmW68FeTnEzWHg4RuFhFBEwjYh5NNnrb2,1142947350,7632278711,
An3ehxat38mnmrpUGcjwXV,Address,5H8sAekUPTR96dnSkC2C8CsCHZcr5QwQnUhBBn6bWrUa,441021638,7587230454,
7ZWJ3AxMz4PmsiBeSRgmHN,Address,EncdvzPkSommGsaN4TA5fGa5XMQU9RQU8E1H69LJMki4,1797882392042237952,1163845952,
vofVhk9qZFqntzsQVSSfVA,Address,FoSqj89PvxmJ7G1vsVWcWGTqRqGrtXqL68vBPBKZn86D,343555019,7936067046,
DxCi6DJVaCj6GJrLAZKZTj,Address,3ARFoDp2MswF9WbsH82HNFfMXPVLbaXqiMh5bCEr45RB,701880784,7248204152,
drarn7Qw6L3hXvnm6hwzZL,Address,CAFmsD1FHf36evixG3UvNjmiNy7TBCACAfC2sfE97pWb,974040583047180288,7647179480,
NsAtWwFrg9p3wpv6AmYSsG,Address,HmB3sY3JUafpr8zvrcdnwQDMLC7CAgHBorpHdtbuRGqG,1431277968,7628619425,
HYLDgGeuPbvsRjYKJcNHea,Address,6gjhTRRdakDVhnejLreZKfay4ep6KCHMtD8XdzK9HaEQ,285226313,6666771658,
FVJRMD49tBb3f4XoRs6NPX,Address,GWvU7wL9hdvoujYLGZp2cWtdCuT3PLh98toqPBY3P7hF,485678030,7106522910,
XYshieF59eUVfVhfEYPxng,Address,BGJho6sQmNzKQbDG7GwRjL4jAg3ikg2AnpWWotW2BZ1g,845491724,7748727500,
cWw9UW49DGej7Xtk95FFBH,Address,8nnVNHxCzwPDV638nmpHq79NSPYRsdnHAAKLDU8TbanM,739536704,7755762732,
bzM2KyEdxsmMNmtgaFAZA9,Address,GbnXsczJF3Dhgh8cChLSjeBomHMrmKv29YULm8mhSTwq,2500799873,6913861383,
CWbzGDtGm5yCZ69DrBUBFR,Address,FgJSxgi46JCGgadNJxi4yNqFMcx1kG1oZbBCCGYb3Eo5,522364108,7563191404,
xaRYW4AP7xMsLdfSM3YwSB,Address,En493omzHp7AufwYrZFViCpt9yBCj1gRtYH1Y2jx21J7,2725246825,6917730833,
YcGuyPKEoLJBMRpirve259,Address,Aheg3rmXh7iwyEuhV64ZPFeM8fMi97z1R3tPQAtD49s3,942956742,6805711945,
WQF2GmumsfEazDykGudFq,Address,8VEAhdBYz6w6apusWNDEaWLRzMZ2VU2wXDaSaKpo6Mfv,961456502287585280,7223652057,
Prho7Q7EYkB2MXmsFigebZ,Address,CLeCWtfvpxv85rZLK3aPkRkcooLjFm7VPpBK6ae3p5WM,1364642720,6803533884,
PmQUbMTewbNkm8YWDh7W8V,Address,h5J8fbMT27WytADUTc982zWs64hcXXDPBsCMDnavDj9,1193188292,7633544144,
kdFmUf3cY6s5rDyVXvWLZM,Address,E4yqCc3j1vCzi3sfjW2BAanuPY4Qgcnvr3JpkJ3W2o3S,2170052695,7397148333,
NWAYnDCevwYCUJMHCw9G3K,Address,Css4fewcPvtZ8GWCCzk73evqPY2SuBUbZAXexLtQzFyY,203685788,7934867556,
xvwWf4WeLo4Gd6WxjhCupC,Address,Gyg7qDhQafD9W7Qv6Rxj47QankXzF5T5mD4D6Mb5najr,43430458,6387796211,
gnfTGFzdEqdftYFhviPVWe,Address,P6GDFiGN4cj2Suh9T6MLocFciNTk569F8tiYwpLnhxS,2329783871,7969871039,
qiBbd4yPrPEHjXd3cgpstm,Address,GZF2LwshdyeL7yCmKMMZaBZmDHcRDTYLenCxR4ZCFCUC,877659302504345600,7910516095,
2gCCUe8b4okeWqVyfjZqMW,Address,GTYUEYhe6XkyHgqGno8eeCpWCtaWms8RBP6Ld2gobZhX,2764679126,7726194213,
j5pSxhzSDbmPVYteQa2PxQ,Address,6qvxnS8eziHVKMJCp1P8Bo1LbbGDqSr6x1XZVTFFq9dA,703404186,8194152386,
4ss8sLGJ7pXFxtE9PYriEU,Address,BBaYPdJJE7v1tde7WdfDgBdRF6gqT9UDQVdtWLFWSmwx,721347002391465984,7715610935,
FagyNxn2wBmxBpoPxQy3Za,Address,3EomJkyqafKQr6WYsnNVt9D4ib2GhKafm97RdTNiimLR,2212208324,8168645626,
6YjPJ9nh3A935t23nasiXQ,Address,9NxSgkJ3u5iuBtVeScWjdSuQboeHQ7QMyMJCtdnUZmCW,1066335846,6990777236,
7T8u3iNe5m9sKDjogA7nsX,Address,3ddgJQ1ZhvqaVCSGQs5e3diBsp2hsSDazqzdZHZqtmzL,540311477,7830412099,
p38YEcxbtmos7yte9CpSec,Address,Gbcfsey7HeevS7TXYeUkFm4meCHvFFqfwh8MDajnz3Ys,772063345289625600,7795967979,
L7CWwtUTiy4NximvqDKnbD,Address,24bsDsodaRGiZroZ3V3ZYEXrJsCwYu2eZW7d84io1jUL,768357727,7348599352,
Cbk7EbT3VuJWe5mLJqJsod,Address,DezVwZJ2V2EpX9FE3gngZnWYebqez9PwwjnDJ2UZDnDn,424413390,7672412469,
6QCT6WxbnBdvXAdzrk6gRg,Address,5AscKRaBveLgJs3PS6ptcncX5P6xoyunSaGJPLujbRXT,1505406738,6861893156,
QoH9CpcuHKQc99eLqPzEYe,Address,6P3AK4A6Yhix73JygxEp7Kd3nFku1TiBSAMrPTBg4d4J,131481752,7997936494,
7hVSeFCpp8hhgoHj34HxSb,Address,25QbcDrtTMW5JXtzLD1cxgSwLEmk8J98h9N3Hhr6cdoF,1643678987535753235,6648806256,
FBfRDjRzK4gV8e2UuoWDD4,Address,6sz9KZTcBXxVTwiCtjyksLCACscRjf8P94jUhaDiViLL,584197437,6689748433,
pSqeHU5962SJ9msy9WvE8G,Address,6kuMZk4TWVo1EDfy33rg7hzdgEoo35ZfsmbvS34TVdo6,1620663319458877440,6202342250,
CvrPK4cDxZ2Z7gSAQFkWM5,Address,7LEWpKaztgALmyjtcKwv18ATzHZSnnHV6V9ABDQhejYq,2276303595,6944613828,
iD3LbN7Ro6RyBzfDRNuZRn,Address,J5az5tYpCdifa17ag7Cp5FvjgZLPF143ah5ELX5NZkzU,1661114833,7046022962,
57RMfGRJjnS7X8eYD3WBtT,Address,FhEtZLw3XHbn9NrAQGTVnsKdCF1YT1K1kk8ARsx5wA4p,2288134160,6838165792,
Rjq4WcbvhxrPCQnz8qQD5J,Address,EszPFoWM1KTLY4qtESvLTXbndSEgStpcR79jgn5hVbg7,1100658811,7699247447,
qhrJxBgfT9A58EBMZXfhXc,Address,CsB7bzhhFghC1Vz8T4dia2q67tkCe7qCKKMUoWuMy7Fu,880287657703555073,7886579976,
gvMb2rJKWG3KSZhE5LUJxR,Address,DZXohzwYcR7bLRjKTkoVnCGphYG93dxnhRJgnQWq6dnx,901109863169880066,8151647116,
xjXGvmVTCDSC5KNY4J7XjL,Address,4udv4FV8RzbFGKZqNvSpPvcbF1JjPEyFvpxAD8MssVrm,2210927067,7804225786,
m3mqgeQRWCK9w8mVfm5miY,Address,4tLbc33tqAFqoZWJQbpefioWPudJChHanXqysfoguNZs,2983201448,7560064695,
jRijGm4q44zTsBEbFrwiqT,Address,AmcpxXJMDkocko4NkL4jvkYuv3Rm2e4UtzS2XDh4DjNb,1292302465,6367724053,
vgKf6JsYcnkeZxJU5V7cGi,Address,45tHUBGsvecHezCxUtvhWCQmFXDYn2HtHuBX1nnhFaoD,1253778373,7701539667,
Jp9uGpfUoYnQHJ8epfazfE,Address,2dyipSYikgFj4ZZZyNfRCBTM9afWth6GkjKzRKg46U6K,357999307,6722514821,
UALHrLcQe9h89qMLcYcUFk,Address,AaGnMpgJeNPpZ7dj8MV71vWmg4Abgji82RWZAkGvRRzv,1320241207,7902416021,
dtKimQrdwrTiczoj8TGNFd,Address,8mNZrMeUGDm34BE9x4VEoEVmTWvWkmApJk3YhZ2jT787,309029366,6577842489,
y5Ut4EgZNqaXfCaQ5upCh,Address,H6prxjhTtnDLXwRYwsjodmiQzGxSCxSZSJD93tDHe95P,54184534,7422203838,
HMPXBuMAPFes5AXm9ZEuve,Address,AgTptL7qfL9TfZs1M1dTgAToVLwQqUTurqteMiVbmgKz,611398126,6387936722,
rhNKenWUCQF5v3JVAaSuy3,Address,ERnxquw9e1warLZDa6nZm4JAptd3x1EhtxaPcFNEV5KM,66829914,7961366485,
QFcdujLfZ7Vh2oXaXr7cwN,Address,DBmKmT4ibzPUDfmTQ6ENAHihkXpXCppFf9JTfmGtNv8Y,295872794,7532163809,
wepooksBubriSyrkmNy6FY,Address,55uLGhyZ6SEXAHGTmpo6EqdMXzJzivZpQ2S1UiVEG3MA,43772360,7556301941,
xyNurKhaWZnFtXnApPqvvV,Address,H1sLHcwjk7qZ8bKNEXSYJVVrAdykCUHZtXgEHUBPcoPS,869664882,7872219326,
C7De76afeyuggZWLwHpw2n,Address,4ok4qzk8bBPNzpVLE22FPzv7PmSC8zugwM89y3JN6qFv,715301678,7224636594,
XdpdmYNfZw9Swh8QuSCJ94,Address,CdPCzKCQxQNtJPqHJe7xrw7A2Ave75zyx19DDPTV4JM,1128856916,7201816871,
Q4mQ3wSuejP6Uz96gyQefh,Address,6UQVtBsYfxRfJkQYCU2oU1QhiGCUgDsjoRGQMafmWyL2,236542640,7329313106,
MXNALJAyatYtrVyMdcACK4,Address,A9oEDvRMa2R2ESm2TQrHY7rewLv76E3WGeWgpCN5RtpL,1086535639,6777414244,
kfc6PfgjPBkmM5BdWwPK5Y,Address,B8Fh6t4mxX8HJcJ5Tmd8qaP9eUD4p59YJ6536REpJqUw,860499804,8072202111,
YoS2ke3mvqqQffZtmAczaW,Address,6XVZHyfN5ULNZXg5Wgg4J5hLb3FCR7ZrxHK941SdoTCn,358393808,7724330130,
7NsZmd8vdNPxV4pQmXE2Ak,Address,CJGAJBkx8qZFqXja18gk9P7gqxxDE7Ab4AdH1VHmnPwA,2811803557,7632863682,
CF4VrJVzSJbcme6cCuaibe,Address,21odLq3eeCk3zWhdzPfEodeteHSP4JodJCTvAmH52zcP,717305773731233792,7860914965,
zGKEK37ASLtyczX8HRdnxA,Address,3v1xtz6d2tT6QJKgduSYaiZ6YiXXDDQdg5yYH2HNNxVz,206502224,7906778309,
pDe7ZjEAkpNpY9zBnWnbnQ,Address,4paBqxhpg6m97vWt5x3wkPha12zraNqaJ1rzwYfpAcFp,354157267,7912805528,
44bXRn2Wq25XDJQo65XWbH,Address,A6hKGwUrLnEHxA83j5uzrtq1qWtTpCz3rQTphRDWnfPT,1129690561,7884752168,
4SXK6CYYNQX7QYzHFdQhx3,Address,2hsYTJ6gQ5j8j3WwGW4JUpmw21r4HEXbCyBCCfgrZAHJ,1849712252,8051560380,
fBHzrdRNNgUb8kVrfxWn33,Address,FvRpkCfTWuFW15QZ4sqRAzgTezpQBnx6bjjToKmn8qJu,411697888,8193728062,
UcqP2QYMnM6it4A4RwtdNC,Address,AQ3Gw7xZ2hVGsLe75SZa5MJtdsdAKzQhcukGpMJW8TA5,1389040488,7231080028,
iuPVWkwrMrVPzFJJiimLC9,Address,9a62SQYzhZfogHTCwi9ex6aD8oX8TG1zY8KPjSwn4zCS,901352722624126976,7375692741,
DXjnQpEMLfHnwesxCaBzzK,Address,7ok7EaCirLfqAXxZuaYnVa5RXLhPqJmvMMuxeWSBMpm2,2286922316,7843161200,
H8YJur54NDHb4T9rQwQnrH,Address,6UshjWezjmsxgKwXMDP5qPbCyBLWtMMWMmbVafZKGAUr,272686075,7375843666,
FFe3hddbFUMW28VVWj4rzm,Address,GV8LDUjst31Lz4zkndJMHmydu76HYXtJMye1Y9HyWQ8i,1700077572,8117377757,
mVNfuaLLHRPyT6GWptMbZL,Address,9i7thEZZAgQgZpEBnHb6R4Pfph5qFoM4Y5waZ19zD8RY,307113239,7418611323,
5ncqLDRiTzqz8RdLjXdwfX,Address,AhRXfPTCAbuZ23VmxkbM1Xb9p9n7HzgA469nBJG7MzJy,3183781098,7631104988,
LujkkUqAt7RqhmkCsKJfR,Address,BFwyZUGsr1aTfoJDKu1aftHAwMsf1VWAjXBLqwCk2kYV,766474042299777024,7615058187,
XCCHN5h4gGMmDXHL9iEG7J,Address,J9t9Skk5KZNti8Ct1s1YmrAAUVwkJQMg2D5jWi2t46kA,196832842,6311263961,
Zcfsty4p9eXoHryWzMo9ic,Address,6C1AopebAaAg4sXGHxttBwkQL8Rpa5fuu2qkbMPHuJyy,436384642,7029262661,